candidate,model,tmax,log_likelihood,log_evidence,log_evidence_err,log_bayes_factor,luminosity_distance,KNphi,inclination_EM,KNtimeshift,log10_mej_dyn,log10_mej_wind,Ebv,log_prior,log10_n0,p,log10_epsilon_e,log10_epsilon_B,log10_E0,thetaCore,thetaWing,ksiN,L0,dL,b,q,ts,supernova_mag_boost
Bu2019lm_0,Bu2019lm,3.0,-1.8399635964838015,-4.449230324227038,0.03842550193566236,-4.449230324227038,3.2959061411821238,30.549275170383382,0.6961233996776071,0.31436348434553807,-2.5797124049146563,-0.8257062665547301,0.39689611799513064,-9.529221703500733,,,,,,,,,,,,,,
Bu2019lm_0,Bu2019lm,5.0,-2.7623341231152643,-5.892160663662546,0.04435170962995932,-5.892160663662546,4.075219013973325,15.447818081958639,0.7203616475361657,0.25347891057109573,-2.3036404946169076,-0.6789351287865157,0.334657661985412,-9.19739218988058,,,,,,,,,,,,,,
Bu2019lm_0,Bu2019lm,7.0,-3.702193437070276,-7.097866775324281,0.04761524149282578,-7.097866775324281,3.648042186240108,34.72332453516134,0.6361704724082435,0.4469659917270974,-2.3104029044222942,-0.8745612680688377,0.5250149823300757,-10.914912493142374,,,,,,,,,,,,,,
Bu2019lm_0,Bu2019lm,9.0,-3.6803910660446526,-7.065270383152891,0.04746804110619896,-7.065270383152891,3.4332030032454086,21.862424161741792,0.044638858957024005,0.2031199488858002,-2.710167879551482,-0.9943360092693032,0.2306818884906212,-11.528040143386432,,,,,,,,,,,,,,
Bu2019lm_0,Bu2019lm,11.0,-4.613380546019849,-8.334442374964507,0.050025593435170206,-8.334442374964507,2.6207726500216566,38.60542889685294,0.5256552270039144,0.4319073105221971,-2.8223678737469036,-1.1474975513029544,0.4509801821802298,-10.142883287224931,,,,,,,,,,,,,,
Bu2019lm_0,Bu2019lm,13.0,-5.533016752780989,-9.385129319507115,0.050454628125196625,-9.385129319507115,3.2311724399867336,18.09328243004942,0.47246344946177815,0.3801685978188192,-2.9972977644040664,-1.0511868674129072,0.05707252663128736,-8.795020408376946,,,,,,,,,,,,,,
Bu2019lm_0,Bu2019lm,15.0,-5.679207897017048,-9.857427883257992,0.05107516671217629,-9.857427883257992,2.7051090289384785,22.352923687620695,0.5822480976469213,0.4321582939420576,-2.9830871440945925,-1.1727158063084713,0.09615962634398272,-8.684634322665023,,,,,,,,,,,,,,
Bu2019lm_0,TrPi2018,3.0,-1.8402186857613616,-5.925896782417061,0.05577910188032903,-5.925896782417061,164.25248061415692,,0.11848715080605476,0.8462849086844031,,,0.3357786965956323,-12.153518070123969,-1.1393965837068374,2.5136530110655437,-0.03576110678814093,-0.13491470970135966,53.0,0.05,0.1,1.0,0.0,3.09e+19,6.0,0.0,0.0,
Bu2019lm_0,TrPi2018,5.0,-2.765198305471443,-7.18708690218364,0.05883260963792966,-7.18708690218364,100.38641041340573,,0.181163684992397,0.4746864355929006,,,0.062824683846149,-10.964940035191566,0.419194664864587,2.689036007051194,-0.26610244936075667,-1.9940657580213919,53.0,0.05,0.1,1.0,0.0,3.09e+19,6.0,0.0,0.0,
Bu2019lm_0,TrPi2018,7.0,-3.6864259003508213,-8.4416970463415,0.059734373953582845,-8.4416970463415,177.7129337638388,,0.12072221302889623,0.8759860457236326,,,0.22711684241382596,-11.757015799878422,-0.5975043901618644,2.7792865309197885,-0.11972264987624381,-2.0104597325473095,53.0,0.05,0.1,1.0,0.0,3.09e+19,6.0,0.0,0.0,
Bu2019lm_0,TrPi2018,9.0,-3.6934262861643674,-8.469109788002209,0.05981579046651608,-8.469109788002209,121.21380112406231,,0.13451998636765336,0.6003347374886161,,,0.3688997752354459,-12.178080480735327,-0.4244229582153034,2.8551675927602274,-0.09751455384579888,-2.0734935649822743,53.0,0.05,0.1,1.0,0.0,3.09e+19,6.0,0.0,0.0,
Bu2019lm_0,TrPi2018,11.0,-4.651424158899309,-10.021504188462623,0.06142360853743747,-10.021504188462623,139.50841516052716,,0.16701983919130017,0.25859567447265785,,,0.31298159652871255,-11.720541399932886,0.22673256266567554,2.992913592932806,-0.08791439555213598,-0.6870604189967029,53.0,0.05,0.1,1.0,0.0,3.09e+19,6.0,0.0,0.0,
Bu2019lm_0,TrPi2018,13.0,-5.890292700218032,-12.12426579616417,0.06432122373543465,-12.12426579616417,193.72324817300756,,0.12767488605719948,0.7988920040514085,,,0.256963849332798,-11.791717540558501,0.0635212476326883,2.973974678024865,-0.07612662668184722,-0.10271569442724271,53.0,0.05,0.1,1.0,0.0,3.09e+19,6.0,0.0,0.0,
Bu2019lm_0,TrPi2018,15.0,-6.564870029260404,-13.630135915168644,0.0676281229086442,-13.630135915168644,102.2868319936077,,0.14974307989556773,0.9647833821388776,,,0.09203655936426307,-11.212718568579234,0.04122974009132507,2.993659442906262,-0.5704460571486263,-0.9073041222672602,53.0,0.05,0.1,1.0,0.0,3.09e+19,6.0,0.0,0.0,
Bu2019lm_0,nugent-hyper,3.0,-2.009096709502762,-6.58926037308052,0.05883811140794801,-6.58926037308052,175.5084160739843,,,-1.8953146972986803,,,0.009637612172199122,-7.583213927123111,,,,,,,,,,,,,,-4.966477156897989
Bu2019lm_0,nugent-hyper,5.0,-4.729667311250038,-8.659371772844269,0.05531186716342032,-8.659371772844269,234.1596304230851,,,-1.9679684096355965,,,0.012690651399258852,-7.588653791053397,,,,,,,,,,,,,,-4.894017937199177
Bu2019lm_0,nugent-hyper,7.0,-9.453030551207867,-13.003061781881664,0.05113289629989092,-13.003061781881664,297.30077287023425,,,-1.9883281671709947,,,0.014771484421247528,-7.592378421703251,,,,,,,,,,,,,,-4.697719974699766
Bu2019lm_0,nugent-hyper,9.0,-9.311598547700653,-12.929987068543193,0.05094058493317277,-12.929987068543193,167.99072338239682,,,-1.9920532017911958,,,0.4216365577701593,-8.900359419036608,,,,,,,,,,,,,,-4.711977146589302
Bu2019lm_0,nugent-hyper,11.0,-19.61328319708882,-23.319114172573006,0.04907375746358592,-23.319114172573006,140.11298588758277,,,-1.949993422403863,,,0.11141121579561987,-7.782697706263061,,,,,,,,,,,,,,-2.309842289941258
Bu2019lm_0,nugent-hyper,13.0,-35.90276352527552,-40.13250890880527,0.051186337797076334,-40.13250890880527,141.607685148828,,,-1.9730126753641204,,,0.16742966053251646,-7.91225759114718,,,,,,,,,,,,,,-1.3979575217314504
Bu2019lm_0,nugent-hyper,15.0,-51.2186610073729,-55.95349710974717,0.053165687728932674,-55.95349710974717,138.93296156908008,,,-1.9935766199348042,,,0.20570315375066187,-8.011535945005106,,,,,,,,,,,,,,-0.7341025191093413
TrPi2018_0,Bu2019lm,3.0,-1.8380925344429522,-3.577821782183687,0.027051106107468713,-3.577821782183687,6.528826035342183,34.986660112372476,0.562408523369279,-0.787182225203801,-2.796043619301936,-0.5670711073300936,0.2261554767896026,-9.034209679481052,,,,,,,,,,,,,,
TrPi2018_0,Bu2019lm,5.0,-2.806814268723525,-5.665113284952082,0.03825273430573392,-5.665113284952082,5.227478996747613,48.594556865257616,0.6221867671304557,-0.5741805866789365,-2.6012870926246787,-0.6002568601270553,0.023276749921922024,-8.48410872583352,,,,,,,,,,,,,,
TrPi2018_0,Bu2019lm,7.0,-3.904814837164957,-7.77280626360322,0.04827346102435977,-7.77280626360322,5.135991595597806,47.33515229331751,0.5576193319891639,-0.7106985122657257,-2.919989160698549,-0.5254819585635939,0.28015240052843865,-9.211392226989396,,,,,,,,,,,,,,
TrPi2018_0,Bu2019lm,9.0,-3.9147968704861418,-7.861212940329242,0.048873171419339716,-7.861212940329242,5.080179520556465,49.563994474714,0.674753625896622,-0.20903996477829345,-2.615017106416549,-0.616526307171223,0.3739394205956101,-9.432428986173393,,,,,,,,,,,,,,
TrPi2018_0,Bu2019lm,11.0,-5.623863930804097,-10.969877134383042,0.0573763496616144,-10.969877134383042,5.119717668948413,46.038150739154176,0.7596417611504641,0.44175151316628414,-2.821853659902314,-0.6102340612850767,0.34923503134037986,-9.217637465582966,,,,,,,,,,,,,,
TrPi2018_0,Bu2019lm,13.0,-8.739014072087459,-15.64467501105176,0.06474288349989035,-15.64467501105176,3.8632878954534564,47.536625063454,0.7818342424859961,0.549094405175822,-2.6643565384114085,-0.560773292375579,0.41109810154572907,-9.519416144547895,,,,,,,,,,,,,,
TrPi2018_0,Bu2019lm,15.0,-12.950710339579,-21.165146372675967,0.07029736159097547,-21.165146372675967,3.5705541856034375,48.87182538946326,0.7768627476862788,0.627301307165073,-2.620189551379907,-0.56310086654655,0.022145514235062495,-8.297345061143242,,,,,,,,,,,,,,
TrPi2018_0,TrPi2018,3.0,-1.8381682308202167,-4.777041975505812,0.04619971157689995,-4.777041975505812,132.97390710169685,,0.17911541928788252,0.07019013819342579,,,0.10229131824129656,-11.056801097738314,-0.7434014930889887,2.7303878500863896,-0.5956805577194371,-1.4210591116777866,53.0,0.05,0.1,1.0,0.0,3.09e+19,6.0,0.0,0.0,
TrPi2018_0,TrPi2018,5.0,-2.757990633770849,-6.260367382888309,0.05108514852752116,-6.260367382888309,175.43400553154873,,0.13067961335607103,-0.9013995116611193,,,0.4269125674274663,-12.542452095235474,-2.874478239702151,2.992895373111505,-0.28488418567505613,-0.6731503654297031,53.0,0.05,0.1,1.0,0.0,3.09e+19,6.0,0.0,0.0,
TrPi2018_0,TrPi2018,7.0,-3.677522998856488,-7.680213075385756,0.055611642076049655,-7.680213075385756,166.07703579516073,,0.15333618387752676,-0.9445448035565636,,,0.21654122550338828,-11.489197614137051,-2.2834061314537832,2.6905720475952375,-0.3620119726898956,-0.6973026869972605,53.0,0.05,0.1,1.0,0.0,3.09e+19,6.0,0.0,0.0,
TrPi2018_0,TrPi2018,9.0,-3.677514281574865,-7.665113291261936,0.05507044218023875,-7.665113291261936,129.23213084589028,,0.15946602661520087,-1.85235219214088,,,0.13225433536320044,-11.23774782215446,-1.6361735083566493,2.6029430366960895,-0.46517644092960175,-1.305582809855758,53.0,0.05,0.1,1.0,0.0,3.09e+19,6.0,0.0,0.0,
TrPi2018_0,TrPi2018,11.0,-4.5982990634954275,-9.114297936283903,0.059549344992654615,-9.114297936283903,102.39211221116801,,0.14775535469226786,-0.0647939588058839,,,0.3900739986274094,-12.194729677331292,-2.1103452383953316,2.5409330490008704,-0.5344453172376058,-0.9488920365690099,53.0,0.05,0.1,1.0,0.0,3.09e+19,6.0,0.0,0.0,
TrPi2018_0,TrPi2018,13.0,-5.516363362941937,-10.265186432995705,0.06158217397932502,-10.265186432995705,176.48287439305022,,0.1432771282568308,-0.24626848422389047,,,0.14293601381526191,-11.368547748043454,-2.464972813190659,2.7468510470417016,-0.4521682319068958,-0.8408954698537743,53.0,0.05,0.1,1.0,0.0,3.09e+19,6.0,0.0,0.0,
TrPi2018_0,TrPi2018,15.0,-6.435117389396938,-11.333588494512433,0.06282662666890651,-11.333588494512433,119.97799135007271,,0.16383178077492067,-1.8465462826283052,,,0.29810561304394617,-11.683877992213377,-2.0495583928625876,2.9146217884741707,-0.43093618210462115,-0.518856131376249,53.0,0.05,0.1,1.0,0.0,3.09e+19,6.0,0.0,0.0,
TrPi2018_0,nugent-hyper,3.0,-2.0913016173433165,-4.408078707907703,0.04161458236712092,-4.408078707907703,314.9490225730036,,,-1.7636170162485825,,,0.09295690618109836,-7.743446210575448,,,,,,,,,,,,,,-4.343612999796093
TrPi2018_0,nugent-hyper,5.0,-3.442759226023795,-5.968845502919756,0.04252166326643054,-5.968845502919756,344.8796800883821,,,-1.9726644607832446,,,0.3155710647488686,-8.367661178009195,,,,,,,,,,,,,,-4.901806789736116
TrPi2018_0,nugent-hyper,7.0,-5.056494704107516,-7.718741531730829,0.04285108198774111,-7.718741531730829,328.3725783039131,,,-1.986606021821859,,,0.3284818397208391,-8.419238659349922,,,,,,,,,,,,,,-4.57244046010369
TrPi2018_0,nugent-hyper,9.0,-4.998028143998175,-7.699483783516936,0.04292392434823488,-7.699483783516936,137.28870981539424,,,-1.9991110383789077,,,0.42602210740728075,-8.929879836444893,,,,,,,,,,,,,,-2.8346576778264962
TrPi2018_0,nugent-hyper,11.0,-7.155932804252727,-10.109920262879527,0.04445983528021601,-10.109920262879527,164.62911089755605,,,-1.9848908891677823,,,0.06282704729853843,-7.68249839238627,,,,,,,,,,,,,,-1.6137534091652581
TrPi2018_0,nugent-hyper,13.0,-9.72765099048331,-13.028810983287618,0.04597220618850812,-13.028810983287618,143.46763074619446,,,-1.9898444621255362,,,0.008003527493083001,-7.580314449717701,,,,,,,,,,,,,,-0.6879458721950105
TrPi2018_0,nugent-hyper,15.0,-12.4094596280922,-15.984031259418716,0.04730109728192608,-15.984031259418716,170.34535794452742,,,-1.984064738598117,,,0.41977340404213537,-8.888077030586501,,,,,,,,,,,,,,-2.3353498647699142
nugent-hyper_0,Bu2019lm,3.0,-3.69425569714169,-8.96799107560754,0.05698572669949787,-8.96799107560754,8.317712690592993,48.63444993466974,0.7322907363066952,-1.8899652544250778,-2.845152262795094,-1.8368073419629454,0.43617751987579373,-9.740861097842012,,,,,,,,,,,,,,
nugent-hyper_0,Bu2019lm,5.0,-6.142557586253773,-12.752138495093249,0.05623818868575692,-12.752138495093249,8.902267990999087,49.01128843035804,0.7659155447552838,0.8895051058481833,-2.6111854277178486,-1.6923333097719613,0.5141247089122657,-10.553806285686179,,,,,,,,,,,,,,
nugent-hyper_0,Bu2019lm,7.0,-9.609824580972823,-17.687556127052996,0.06509276418396774,-17.687556127052996,9.434987493881305,48.49178409897409,0.7012294816529387,0.9872893635026427,-2.7987326096630554,-1.5963476588825718,0.15131662687170602,-8.647973519977132,,,,,,,,,,,,,,
nugent-hyper_0,Bu2019lm,9.0,-8.75177320445653,-17.352748299584064,0.06673916073016321,-17.352748299584064,9.649004354553686,49.79877793810721,0.7788931215522353,0.9161768351878248,-2.581881637157665,-1.4255782534205712,0.21753791477751985,-8.733935567054472,,,,,,,,,,,,,,
nugent-hyper_0,Bu2019lm,11.0,-13.013911236717034,-23.73949052228327,0.08038767807240366,-23.73949052228327,9.921941525582982,48.74431596326327,0.7740642607966273,0.9563402845692135,-2.7445851871699034,-0.8106312231620842,0.10873031303836646,-8.471408171111646,,,,,,,,,,,,,,
nugent-hyper_0,Bu2019lm,13.0,-18.013900081502296,-28.97885081596598,0.08778596124773524,-28.97885081596598,9.815725180978394,49.3451097157373,0.7716061131706691,0.9628752679910195,-2.68062488292597,-0.7353482935107873,0.264127614261233,-8.882117529517432,,,,,,,,,,,,,,
nugent-hyper_0,Bu2019lm,15.0,-25.76060508534848,-37.50909925727254,0.09049176435290811,-37.50909925727254,9.569379711465329,48.906866064370476,0.7739487034901641,0.9633498664643771,-2.6612569409495737,-0.5653558609018292,0.30113605022770135,-9.007606477562119,,,,,,,,,,,,,,
nugent-hyper_0,TrPi2018,3.0,-1.8416809952094935,-4.7303943212977515,0.042245735324570426,-4.7303943212977515,188.93430631549296,,0.17873158393334915,-1.0740743840760898,,,0.06180423240884672,-10.976309095632619,-2.486487048900096,2.4507140848292446,-0.07381230434092245,-2.5048207066065777,53.0,0.05,0.1,1.0,0.0,3.09e+19,6.0,0.0,0.0,
nugent-hyper_0,TrPi2018,5.0,-2.7805515483708354,-6.6027003893425205,0.05039985922544847,-6.6027003893425205,164.98726526750056,,0.17313864450804375,-1.2999858983360797,,,0.4509774321534692,-12.444074338656627,-2.807124786307172,2.240634789713382,-0.4016636798853668,-1.0044797940977244,53.0,0.05,0.1,1.0,0.0,3.09e+19,6.0,0.0,0.0,
nugent-hyper_0,TrPi2018,7.0,-3.7074934092625833,-8.327631825025273,0.05656027902372976,-8.327631825025273,147.5112957135584,,0.1860565073926554,-1.8144152898921229,,,0.235721926165638,-11.353041158651175,-2.8007331675798137,2.222894097954976,-0.30476100122248706,-1.294667278381043,53.0,0.05,0.1,1.0,0.0,3.09e+19,6.0,0.0,0.0,
nugent-hyper_0,TrPi2018,9.0,-3.715692226317259,-8.342034540127973,0.056627799662961026,-8.342034540127973,192.87235300829855,,0.18602395453107862,-1.7922110899878028,,,0.20947657352111024,-11.278149450398363,-2.7585519261878386,2.3220496549017864,-0.509188750890198,-0.8516129208064553,53.0,0.05,0.1,1.0,0.0,3.09e+19,6.0,0.0,0.0,
nugent-hyper_0,TrPi2018,11.0,-4.677164342395712,-10.008490957002763,0.06154147536826276,-10.008490957002763,158.6588988337435,,0.18421521501926116,-1.6858677665615633,,,0.14622384642466052,-11.12714741463493,-2.8519885316646425,2.227762511137132,-0.2482737636209862,-1.3478603307882093,53.0,0.05,0.1,1.0,0.0,3.09e+19,6.0,0.0,0.0,
nugent-hyper_0,TrPi2018,13.0,-5.643141530396392,-11.746217179240583,0.06591952353598528,-11.746217179240583,173.71799643272647,,0.19562649941370897,-1.9940851097801804,,,0.13105573487767813,-11.032796617365982,-2.705456753009009,2.1359985109208965,-0.2863466149500997,-0.863826782403847,53.0,0.05,0.1,1.0,0.0,3.09e+19,6.0,0.0,0.0,
nugent-hyper_0,TrPi2018,15.0,-6.613238941863812,-13.168836624570972,0.06884651038379894,-13.168836624570972,157.62314176889,,0.18908895311440482,-1.5878841564846455,,,0.012955250672027952,-10.829246511774892,-2.747941680144107,2.1141211581113217,-0.07751137976534483,-1.5246419405700482,53.0,0.05,0.1,1.0,0.0,3.09e+19,6.0,0.0,0.0,
nugent-hyper_0,nugent-hyper,3.0,-1.8413983097399327,-3.690292993531319,0.03541196047544952,-3.690292993531319,176.8767429773731,,,-0.33288309813519357,,,0.45634723174815417,-9.162026433294967,,,,,,,,,,,,,,-0.07214957823578416
nugent-hyper_0,nugent-hyper,5.0,-2.7639815197506614,-4.810133382114039,0.038238781607374,-4.810133382114039,140.08014313047843,,,-0.3294230423073121,,,0.16248387753286278,-7.900118860268386,,,,,,,,,,,,,,1.506323572908121
nugent-hyper_0,nugent-hyper,7.0,-3.6836022004674747,-5.9586845120469585,0.040593517227415,-5.9586845120469585,130.25932886413693,,,-0.37337924025267877,,,0.5547625848628283,-11.046048914021556,,,,,,,,,,,,,,0.3545733299700977
nugent-hyper_0,nugent-hyper,9.0,-3.683571948548394,-5.915003799244735,0.04039671549572707,-5.915003799244735,313.46083920631463,,,-0.1752938706910636,,,0.2946438943358384,-8.289328008821718,,,,,,,,,,,,,,-0.9090200233656773
nugent-hyper_0,nugent-hyper,11.0,-4.60324488768514,-6.948912458139658,0.04186375487032097,-6.948912458139658,149.408609824886,,,-0.27100261345504695,,,0.5028867221282578,-9.674553636851504,,,,,,,,,,,,,,0.1652016167445316
nugent-hyper_0,nugent-hyper,13.0,-5.523401953594581,-8.014608432325328,0.043127638838801025,-8.014608432325328,212.5948695264383,,,-0.1711990672527388,,,0.2459041881501762,-8.127654298467355,,,,,,,,,,,,,,0.20974352109332628
nugent-hyper_0,nugent-hyper,15.0,-6.4426997087683455,-8.961561205278842,0.04341509719540271,-8.961561205278842,260.42171451028014,,,-0.3496402401509138,,,0.031363103026117174,-7.622583941737748,,,,,,,,,,,,,,0.5318107220306718
nugent-hyper_1,Bu2019lm,3.0,-1.83825571148303,-4.263025282753781,0.034903550275245616,-4.263025282753781,7.502155748524976,17.42022180309643,0.41649484624885813,0.48873152116742524,-2.534741095145815,-0.7728836495659088,0.06601832197426541,-8.93021452299866,,,,,,,,,,,,,,
nugent-hyper_1,Bu2019lm,5.0,-3.124760849797654,-7.820136631515005,0.0509078218676481,-7.820136631515005,3.4560934065770184,48.44646043525785,0.5897382421945433,0.6006358649869701,-2.878937666897513,-0.6711779476050475,0.4549109551631986,-10.072927489444748,,,,,,,,,,,,,,
nugent-hyper_1,Bu2019lm,7.0,-4.938688163179281,-11.604321794327685,0.06340119687502001,-11.604321794327685,2.80051172881915,45.980732051478896,0.5622177401964291,0.8155687698421241,-2.96789908914787,-0.6961173075189211,0.3068488284172166,-9.299850106233748,,,,,,,,,,,,,,
nugent-hyper_1,Bu2019lm,9.0,-4.810041244588074,-11.624718491443751,0.06388084882509336,-11.624718491443751,2.5852221178723984,48.986502815914186,0.7373006434366568,0.7113335781912538,-2.8866832259356103,-0.6611387835239171,0.08584329350069073,-8.462252609992419,,,,,,,,,,,,,,
nugent-hyper_1,Bu2019lm,11.0,-8.712305968887543,-17.716223084785533,0.07787453311060487,-17.716223084785533,1.863262356331321,49.84996850902809,0.7540439549314104,0.8077364800423901,-2.794761190270012,-0.5168421978696838,0.10176802782988673,-8.477399342767184,,,,,,,,,,,,,,
nugent-hyper_1,Bu2019lm,13.0,-16.978747889726233,-28.430624108717264,0.08988827057902664,-28.430624108717264,1.1914725753143478,49.96396883383978,0.6342228864913867,0.8853719709248149,-2.711347295506771,-0.5696883352786681,0.3785619604257101,-9.508837840448834,,,,,,,,,,,,,,
nugent-hyper_1,Bu2019lm,15.0,-26.21528086080368,-40.982691670994896,0.10280163854174514,-40.982691670994896,1.040355570930439,49.95991380939596,0.6975958505833654,0.9670103021284051,-2.733019513418096,-0.5369987743332731,0.3504796755900913,-9.292805107790734,,,,,,,,,,,,,,
nugent-hyper_1,TrPi2018,3.0,-1.8434368336710905,-5.671296988115271,0.05047706085844417,-5.671296988115271,173.98478349786723,,0.13593915839840157,0.5755108644260658,,,0.1679155820011319,-11.48070379007007,-1.3267647017509376,2.45253678747497,-0.14963171043261347,-1.7198539570421891,53.0,0.05,0.1,1.0,0.0,3.09e+19,6.0,0.0,0.0,
nugent-hyper_1,TrPi2018,5.0,-2.8326204049375234,-8.11348504133784,0.059741384661309814,-8.11348504133784,101.63453985502642,,0.15593035713394407,-0.39633920622753616,,,0.297913656862413,-11.732187298521316,-2.65909750101856,2.901993024802125,-0.08476434702523772,-0.7619074950303424,53.0,0.05,0.1,1.0,0.0,3.09e+19,6.0,0.0,0.0,
nugent-hyper_1,TrPi2018,7.0,-3.969832908410435,-10.675652739917702,0.06805467806608125,-10.675652739917702,111.40483441024998,,0.1653755498079601,-1.2843008346267064,,,0.07041947092166082,-11.070224678673869,-2.7949832893661735,2.839228766018506,-0.013812968759669086,-0.8080744070803005,53.0,0.05,0.1,1.0,0.0,3.09e+19,6.0,0.0,0.0,
nugent-hyper_1,TrPi2018,9.0,-3.8402099923511805,-10.823617022148994,0.06867993243207861,-10.823617022148994,104.58545635147914,,0.17383286617574095,-1.1800372416970326,,,0.1377862009393275,-11.164931893244743,-2.738188422060939,2.9033145365683635,-0.015260678630239166,-0.12611486851484432,53.0,0.05,0.1,1.0,0.0,3.09e+19,6.0,0.0,0.0,
nugent-hyper_1,TrPi2018,11.0,-5.6306048379740155,-14.34176174275205,0.07816121218784193,-14.34176174275205,104.91261792554732,,0.1415533370572429,0.38072036252723196,,,0.1410019764357807,-11.376076668936786,-2.664296506719457,2.691405731293302,-0.11153242857570067,-0.9339579883637557,53.0,0.05,0.1,1.0,0.0,3.09e+19,6.0,0.0,0.0,
nugent-hyper_1,TrPi2018,13.0,-6.863234475759274,-17.44452616870022,0.0870636735117445,-17.44452616870022,106.65613677292923,,0.19142068992965092,-0.8276428558341322,,,0.05917497191777785,-10.903369101859528,-1.7355432256712617,2.7651444321171335,-0.01890681056537913,-0.004781507679109787,53.0,0.05,0.1,1.0,0.0,3.09e+19,6.0,0.0,0.0,
nugent-hyper_1,TrPi2018,15.0,-8.337867682197937,-20.249796324532447,0.09356347183654809,-20.249796324532447,104.17006181821229,,0.16718495173866224,-0.7919463779559277,,,0.04207420142515304,-11.004513205567125,-2.6733036726093964,2.8529985092416905,-0.011697062196816432,-0.03696582932076309,53.0,0.05,0.1,1.0,0.0,3.09e+19,6.0,0.0,0.0,
nugent-hyper_1,nugent-hyper,3.0,-1.8381305212856947,-4.599404263508435,0.04636270755222315,-4.599404263508435,172.14070250358168,,,-0.3822440424940585,,,0.13162497639204268,-7.827536824962152,,,,,,,,,,,,,,-4.211654628991064
nugent-hyper_1,nugent-hyper,5.0,-2.757604216680652,-5.757911899447335,0.04874907945638101,-5.757911899447335,156.19468710215617,,,-0.3190123481738487,,,0.4008183007684107,-8.77101188615707,,,,,,,,,,,,,,-4.949929089423566
nugent-hyper_1,nugent-hyper,7.0,-3.676520346830663,-6.698682092096585,0.0491431065754983,-6.698682092096585,135.92906210442158,,,-0.2818070373716566,,,0.3419148942083667,-8.475885176296185,,,,,,,,,,,,,,-4.420088282055426
nugent-hyper_1,nugent-hyper,9.0,-3.6766308028524644,-6.898872115871227,0.05080663863540995,-6.898872115871227,236.50910390341332,,,-0.27699200321859063,,,0.09117570379785593,-7.739737946002533,,,,,,,,,,,,,,-4.871619247331972
nugent-hyper_1,nugent-hyper,11.0,-4.5955436897257576,-7.905653817323361,0.051748696992386906,-7.905653817323361,209.0646552703446,,,-0.2966632890427645,,,0.1310878961594121,-7.8263190760974695,,,,,,,,,,,,,,-4.68993968274858
nugent-hyper_1,nugent-hyper,13.0,-5.515529723956278,-8.914311777575236,0.05249117226930579,-8.914311777575236,204.4794005129968,,,-0.29634386395142576,,,0.0072461490473821,-7.578973423039255,,,,,,,,,,,,,,-4.207264588336985
nugent-hyper_1,nugent-hyper,15.0,-6.434343324733115,-9.9656742648941,0.053535614496827484,-9.9656742648941,136.1020551490039,,,-0.2474387964710636,,,0.12378090419125276,-7.809897230945982,,,,,,,,,,,,,,-3.6917223761025055
nugent-hyper_2,Bu2019lm,3.0,-3.813974915014811,-12.079715599725958,0.07204634586531394,-12.079715599725958,9.842889162073611,47.065804607491806,0.760873787081912,-1.8718046443310437,-2.7941096646045924,-2.0532854357463846,0.22379143406876403,-8.77030344338353,,,,,,,,,,,,,,
nugent-hyper_2,Bu2019lm,5.0,-7.2764393341251115,-14.685899681430634,0.06812821039419567,-14.685899681430634,9.642238722591818,48.806013871578216,0.7215406288839454,-1.9730809089373553,-2.9022872341111197,-2.080050785589333,0.15719392630177106,-8.638463049168696,,,,,,,,,,,,,,
nugent-hyper_2,Bu2019lm,7.0,-13.727424915459078,-21.085517961056997,0.06205401719650587,-21.085517961056997,9.971373946921348,47.15084682473693,0.7718516486200578,0.9478187417968749,-2.858167804010008,-1.974409756906926,0.2888576791048162,-8.96548755737191,,,,,,,,,,,,,,
nugent-hyper_2,Bu2019lm,9.0,-13.525122989531813,-20.711328955723648,0.06379298135044607,-20.711328955723648,9.483333777391074,47.76718232031435,0.760256743978479,-1.8606836596725922,-2.624317819709247,-1.6072775053623494,0.3741336390041689,-9.335290240462077,,,,,,,,,,,,,,
nugent-hyper_2,Bu2019lm,11.0,-21.196943393337108,-32.18002112328859,0.07506202047180605,-32.18002112328859,9.481632650422142,48.85820878052336,0.7781961960624352,0.9856163250937389,-2.6424078052678324,-1.592124995554511,0.02390250100999048,-8.299188613122993,,,,,,,,,,,,,,
nugent-hyper_2,Bu2019lm,13.0,-29.560123632113303,-42.765472641438286,0.08814652919725088,-42.765472641438286,9.949016354091754,49.79728832369998,0.7782277292023434,0.9756223747937991,-2.600959566431368,-0.9076150452805707,0.12216519431604007,-8.496570106378302,,,,,,,,,,,,,,
nugent-hyper_2,Bu2019lm,15.0,-36.19131393282011,-49.07628485450242,0.09376982261706647,-49.07628485450242,9.847102053704399,48.63469615835345,0.7674617504200444,0.9153246886599038,-2.2467151921913886,-0.6808338225060253,0.022488683079765988,-8.307622268418836,,,,,,,,,,,,,,
nugent-hyper_2,TrPi2018,3.0,-4.742002349444516e-32,-1.0477810499950115,0.02895373345963296,-1.0477810499950115,189.0754222869873,,0.17254947771625676,0.9503270983695984,,,0.47705672636032104,-12.689241962669632,-2.3516457080841064,2.825591266155243,-2.7096015214920044,-2.7086058855056763,53.0,0.05,0.1,1.0,0.0,3.09e+19,6.0,0.0,0.0,
nugent-hyper_2,TrPi2018,5.0,-0.9653646837920447,-4.667698610901134,0.04754055799287879,-4.667698610901134,153.87008471197467,,0.1956483861654911,0.9654651716861076,,,0.013180353664822822,-10.795969068469919,-2.5140626962597166,2.354827002720543,-0.8402647586395915,-1.7459604172893113,53.0,0.05,0.1,1.0,0.0,3.09e+19,6.0,0.0,0.0,
nugent-hyper_2,TrPi2018,7.0,-1.9171637218325628,-6.3139261007289535,0.05384738168099889,-6.3139261007289535,153.03833599505788,,0.18954459405164062,0.9666392725026052,,,0.3825895430473763,-11.907787361839203,-2.974031050516967,2.3907078289555845,-0.9256897334766432,-0.052478830842285884,53.0,0.05,0.1,1.0,0.0,3.09e+19,6.0,0.0,0.0,
nugent-hyper_2,TrPi2018,9.0,-1.9232757889599739,-6.447787144735058,0.054391805091632994,-6.447787144735058,104.32746589138739,,0.1941985545155975,0.8342773882451722,,,0.39872843509373945,-11.97268898011529,-2.79876423266297,2.4756290397886938,-0.5187356951672433,-1.7750570239874315,53.0,0.05,0.1,1.0,0.0,3.09e+19,6.0,0.0,0.0,
nugent-hyper_2,TrPi2018,11.0,-2.829994756563269,-8.090282944578089,0.059759592369709964,-8.090282944578089,130.08121807779733,,0.19205642805501297,0.8432451405046417,,,0.18015859740274578,-11.168931106718642,-2.891752086605478,2.435482398601368,-0.13663844705904893,-2.3537865853049693,53.0,0.05,0.1,1.0,0.0,3.09e+19,6.0,0.0,0.0,
nugent-hyper_2,TrPi2018,13.0,-3.778213275049194,-9.64549774718522,0.06399629961030892,-9.64549774718522,111.88854110207023,,0.19536703536518613,0.26346019651765484,,,0.25153495037516,-11.352911458829611,-2.8182394150223344,2.1328322991440185,-0.16025217035880868,-2.0547854851388,53.0,0.05,0.1,1.0,0.0,3.09e+19,6.0,0.0,0.0,
nugent-hyper_2,TrPi2018,15.0,-4.683186128101165,-11.029163332353777,0.06711430153183404,-11.029163332353777,142.4310672369666,,0.1937045672902497,0.8298936178652685,,,0.39623046462975625,-11.960923083407483,-2.8973180342438467,2.17941983200642,-0.5703113841349721,-0.9368683410570444,53.0,0.05,0.1,1.0,0.0,3.09e+19,6.0,0.0,0.0,
nugent-hyper_2,nugent-hyper,3.0,-4.2732742689412954e-08,-1.109530734243879,0.02929713610423564,-1.109530734243879,289.47410242864476,,,0.7835371697580711,,,0.5575836250577777,-11.220338435529989,,,,,,,,,,,,,,4.8119972651919145
nugent-hyper_2,nugent-hyper,5.0,-1.1475549435464991,-2.8682495156498184,0.03319730327486729,-2.8682495156498184,240.05089154591946,,,0.9609693036713898,,,0.3576701120757759,-8.546690516648315,,,,,,,,,,,,,,1.5090776155891774
nugent-hyper_2,nugent-hyper,7.0,-2.106229281048221,-4.118296274887401,0.036310487875242395,-4.118296274887401,188.7615211072657,,,0.9629922006986478,,,0.1476334224682529,-7.864531630983414,,,,,,,,,,,,,,2.669741385682789
nugent-hyper_2,nugent-hyper,9.0,-2.1049336642705225,-4.13204121006949,0.036473265996607426,-4.13204121006949,328.88363892532794,,,0.995166969035556,,,0.39028791603457513,-8.71144907620372,,,,,,,,,,,,,,0.5158741631384745
nugent-hyper_2,nugent-hyper,11.0,-3.040793645821016,-5.251023127798814,0.03820742605325435,-5.251023127798814,243.20959942781195,,,0.9643117535431589,,,0.05352398136144635,-7.664406450150276,,,,,,,,,,,,,,2.369410024277453
nugent-hyper_2,nugent-hyper,13.0,-3.9609806639833747,-6.358968293540002,0.03995167463614211,-6.358968293540002,312.39317508839383,,,0.9765383452705882,,,0.11505401184135053,-7.790631229553359,,,,,,,,,,,,,,1.5672022397169725
nugent-hyper_2,nugent-hyper,15.0,-4.884131098969338,-7.388963474148185,0.041095665317360495,-7.388963474148185,260.43584349033966,,,0.991793210098256,,,0.5135826715856482,-9.84163490727594,,,,,,,,,,,,,,0.6059698375391234
nugent-hyper_3,Bu2019lm,3.0,-1.838854255820407,-4.17266479028811,0.03395607631062977,-4.17266479028811,6.198895558089303,15.196977163120248,0.5519273253905757,0.6112838844376594,-2.5889063690427627,-1.2537869069536236,0.10308365533176997,-8.746901869281544,,,,,,,,,,,,,,
nugent-hyper_3,Bu2019lm,5.0,-3.046065399824428,-7.509642144236308,0.04837174303478029,-7.509642144236308,3.569673587056066,48.29222864733835,0.7596022993843788,0.6546169706852734,-2.9477291018138927,-0.5893581712195024,0.4768321881006648,-10.065754215982672,,,,,,,,,,,,,,
nugent-hyper_3,Bu2019lm,7.0,-4.701501778381745,-11.487346804896392,0.06225728563568966,-11.487346804896392,3.032066754211887,49.59080628031735,0.7580503613217159,0.7255245471288321,-2.9850848832499386,-0.5039826702528547,0.15000202615528627,-8.581279034398605,,,,,,,,,,,,,,
nugent-hyper_3,Bu2019lm,9.0,-4.738300377940764,-11.314274267191253,0.062456759790034656,-11.314274267191253,3.1282580817374335,49.82832645693176,0.7358270077560731,0.6370595654682303,-2.9757090084322866,-0.6110596707630771,0.025611601541219442,-8.347169257937548,,,,,,,,,,,,,,
nugent-hyper_3,Bu2019lm,11.0,-8.707277680715702,-17.558846435330334,0.07632518225959219,-17.558846435330334,2.1117165912313083,49.98091226188804,0.6718373645509249,0.8866393656013019,-2.908374704730887,-0.6128915646254613,0.19978107572103357,-8.806119382095927,,,,,,,,,,,,,,
nugent-hyper_3,Bu2019lm,13.0,-16.55123953651241,-27.957877884144043,0.08975450740331986,-27.957877884144043,1.3279481072124484,48.841093793910694,0.7772599634801449,0.9517306891234112,-2.9111787521399313,-0.6293770741943461,0.15495026556741096,-8.573157898610033,,,,,,,,,,,,,,
nugent-hyper_3,Bu2019lm,15.0,-26.60439065520094,-40.39591318298663,0.09888360868520243,-40.39591318298663,1.0273815866283902,48.364344712016525,0.7346206134294005,0.9652900449816362,-2.5473309704293046,-0.5590770693231315,0.10704151021403592,-8.509757053562895,,,,,,,,,,,,,,
nugent-hyper_3,TrPi2018,3.0,-1.8455439405452456,-5.585279126163297,0.049607098547475276,-5.585279126163297,112.72794693979803,,0.15661652563534736,0.4445162266365008,,,0.5439614951247299,-13.994989749000027,-1.3789076869678638,2.7348718333369595,-0.2891000582688328,-1.0733769142886533,53.0,0.05,0.1,1.0,0.0,3.09e+19,6.0,0.0,0.0,
nugent-hyper_3,TrPi2018,5.0,-2.82051247543552,-7.903061129080666,0.058429547146002306,-7.903061129080666,109.78955615948992,,0.1649683611740878,-0.591819121487682,,,0.05361191246937368,-11.03973330271504,-2.5947193041237036,2.901539147465444,-0.05551613293123747,-1.1608911161527355,53.0,0.05,0.1,1.0,0.0,3.09e+19,6.0,0.0,0.0,
nugent-hyper_3,TrPi2018,7.0,-3.8894467949146896,-10.410731263120047,0.0666817077573067,-10.410731263120047,115.33698231604563,,0.158554081573884,-0.6200651003527307,,,0.04805000296286759,-11.068380894298492,-2.980969042994613,2.456555416676378,-0.03654627603261318,-0.5099011865150525,53.0,0.05,0.1,1.0,0.0,3.09e+19,6.0,0.0,0.0,
nugent-hyper_3,TrPi2018,9.0,-3.9112723916907526,-10.254079241176052,0.06620804314176157,-10.254079241176052,119.25951213759075,,0.18788298320580074,-1.1758458073443214,,,0.07867581252372671,-10.960536515163163,-2.1157819505775524,2.806181959112045,-0.09900546320070847,-0.25054114042856845,53.0,0.05,0.1,1.0,0.0,3.09e+19,6.0,0.0,0.0,
nugent-hyper_3,TrPi2018,11.0,-5.209461512165286,-13.254933002005666,0.07519178883718801,-13.254933002005666,114.58072612806588,,0.1578735484744618,-0.22895169400009308,,,0.023252843846488278,-11.026439246695405,-2.8360328192179662,2.7686591381900536,-0.01630229724111487,-0.8636502803475636,53.0,0.05,0.1,1.0,0.0,3.09e+19,6.0,0.0,0.0,
nugent-hyper_3,TrPi2018,13.0,-6.654487730202404,-16.574711003932517,0.08297910542309747,-16.574711003932517,102.03294746843922,,0.18399319486983054,-1.163361601068334,,,0.04955892066327529,-10.923914919783728,-2.602811521383002,2.835151902725637,-0.040375864030112396,-0.49084200152907,53.0,0.05,0.1,1.0,0.0,3.09e+19,6.0,0.0,0.0,
nugent-hyper_3,TrPi2018,15.0,-7.990624466966844,-18.946178968021655,0.08860361491532329,-18.946178968021655,113.67706667166065,,0.17851857119892928,-1.1507348427821311,,,0.06019567635922707,-10.974343499255868,-2.6815923032823092,2.9186483215286536,-0.017254375991958337,-0.001685975211898949,53.0,0.05,0.1,1.0,0.0,3.09e+19,6.0,0.0,0.0,
nugent-hyper_3,nugent-hyper,3.0,-1.838079477103863,-4.260041891189502,0.04299897251101236,-4.260041891189502,168.48186975360335,,,-0.3765178644602767,,,0.1512082151398419,-7.872983143750151,,,,,,,,,,,,,,-3.7712895709449024
nugent-hyper_3,nugent-hyper,5.0,-2.757546201351017,-5.426512397876837,0.04574516844089133,-5.426512397876837,198.92737282426685,,,-0.31684409573817707,,,0.15059901139154988,-7.871537807862306,,,,,,,,,,,,,,-4.17532819725168
nugent-hyper_3,nugent-hyper,7.0,-3.676490267029477,-6.386594202424861,0.04629745393741878,-6.386594202424861,209.865824411322,,,-0.2850248446359356,,,0.122240087543302,-7.806468539035606,,,,,,,,,,,,,,-4.215800434358554
nugent-hyper_3,nugent-hyper,9.0,-3.6765226871371786,-6.4743520581170255,0.04691693615633463,-6.4743520581170255,285.36002337932587,,,-0.2964687943458557,,,0.008615810680389404,-7.581399884467894,,,,,,,,,,,,,,-4.53984260559082
nugent-hyper_3,nugent-hyper,11.0,-4.595521359735605,-7.533460568912486,0.04831779692286303,-7.533460568912486,285.36002337932587,,,-0.2964687943458557,,,0.008615810680389404,-7.581399884467894,,,,,,,,,,,,,,-4.53984260559082
nugent-hyper_3,nugent-hyper,13.0,-5.515812655919919,-8.504523943208248,0.04873418580093695,-8.504523943208248,240.7493789585076,,,-0.2182625808772789,,,0.19246952118292798,-7.976083134187523,,,,,,,,,,,,,,-4.8246397098338845
nugent-hyper_3,nugent-hyper,15.0,-6.434433654390908,-9.53498299140878,0.04952431611863565,-9.53498299140878,271.36643796037526,,,-0.3022328756776336,,,0.04945372425421744,-7.6565926841399765,,,,,,,,,,,,,,-4.579886658939997
nugent-hyper_4,Bu2019lm,3.0,-1.8381708907746506,-4.15477263829938,0.03397734891759984,-4.15477263829938,3.178278703292823,34.06237595494544,0.4547562793547108,0.8758888493270724,-2.6189229874904254,-1.8293655857283722,0.47892144879079634,-10.537513277445848,,,,,,,,,,,,,,
nugent-hyper_4,Bu2019lm,5.0,-3.218993756616037,-7.478897571709888,0.048266230215423936,-7.478897571709888,4.9038920217770725,47.092766574076855,0.3676134471860182,0.6416334793331062,-2.807652401790405,-0.6431626429362591,0.3632399023332909,-9.932792601662001,,,,,,,,,,,,,,
nugent-hyper_4,Bu2019lm,7.0,-4.9284858578926265,-11.29288241723918,0.0614414535185681,-11.29288241723918,3.4077919054568295,44.722344666765586,0.5290077005418568,0.9342389191100438,-2.981501457746624,-0.6870284444241346,0.4471696897327398,-10.106225930215787,,,,,,,,,,,,,,
nugent-hyper_4,Bu2019lm,9.0,-4.776305838660909,-11.282112406970427,0.061882747462242205,-11.282112406970427,3.376719791637994,45.317191827669006,0.7824151653415127,0.673922044383203,-2.9983522322086196,-0.536140456589477,0.1585258609653695,-8.576547245061594,,,,,,,,,,,,,,
nugent-hyper_4,Bu2019lm,11.0,-8.788953622470892,-17.42482603369756,0.07595070000068035,-17.42482603369756,2.3738554965039786,45.51757020093825,0.746645563717667,0.8411245615975464,-2.9921124865056665,-0.5618602351027815,0.25953286781338963,-8.89363337012564,,,,,,,,,,,,,,
nugent-hyper_4,Bu2019lm,13.0,-16.207907672535836,-27.471417769880194,0.08822313363461352,-27.471417769880194,1.7180740700972974,49.67334399529911,0.7738616002339898,0.9540678752902645,-2.8229106030515805,-0.583965935813378,0.06719645916793772,-8.385826538384068,,,,,,,,,,,,,,
nugent-hyper_4,Bu2019lm,15.0,-25.82035013774928,-38.85128036770779,0.0969865635382831,-38.85128036770779,1.0177635231198912,49.64356276980772,0.7745809399067581,0.97272741027711,-2.7764782730640762,-0.6119622883089679,0.19888524562469917,-8.687094828659628,,,,,,,,,,,,,,
nugent-hyper_4,TrPi2018,3.0,-1.8399826913766586,-5.443301010794673,0.04847841648823776,-5.443301010794673,155.27854431562434,,0.1599467218752049,0.4843117457251518,,,0.14360375000430178,-11.260887448310637,-0.8357709980118297,2.237905418079403,-0.27638777693729955,-1.3487559027351907,53.0,0.05,0.1,1.0,0.0,3.09e+19,6.0,0.0,0.0,
nugent-hyper_4,TrPi2018,5.0,-2.812391568411456,-7.857214646055861,0.057946845578044304,-7.857214646055861,154.72434969109685,,0.18791599697550385,-1.3114396763146892,,,0.07106629088983415,-10.945067959634887,-2.0938151993996983,2.8264272290714514,-0.058449883996189556,-0.3307810683355532,53.0,0.05,0.1,1.0,0.0,3.09e+19,6.0,0.0,0.0,
nugent-hyper_4,TrPi2018,7.0,-3.871066978697317,-10.299972026343687,0.06625606342510072,-10.299972026343687,131.1317862274298,,0.16997489654184392,-1.3381943080804046,,,0.026758533674195534,-10.959649642950936,-2.92702756518231,2.957936690040767,-0.013000132815735643,-0.806762055806062,53.0,0.05,0.1,1.0,0.0,3.09e+19,6.0,0.0,0.0,
nugent-hyper_4,TrPi2018,9.0,-3.8943911042553223,-10.059778217930058,0.06500890172649083,-10.059778217930058,131.38358105978054,,0.19391446513692642,-1.4282082570559718,,,0.06662788418612867,-10.905214263103977,-2.0521543251045706,2.7578866275947984,-0.08442490628417332,-0.04382196156117102,53.0,0.05,0.1,1.0,0.0,3.09e+19,6.0,0.0,0.0,
nugent-hyper_4,TrPi2018,11.0,-5.201413027084653,-12.887049643400852,0.07355736110446887,-12.887049643400852,148.45534543201273,,0.17110774937053375,-0.9015604208133217,,,0.032799821834156494,-10.964205105433079,-2.5953864998087632,2.6805255197442075,-0.042205666273424924,-0.03800542648102123,53.0,0.05,0.1,1.0,0.0,3.09e+19,6.0,0.0,0.0,
nugent-hyper_4,TrPi2018,13.0,-6.243470419346895,-15.862035434891576,0.08216640800352386,-15.862035434891576,102.15250482668272,,0.1847398145720398,-1.6548283669107384,,,0.028187324495548755,-10.879848689281893,-2.7550966717042185,2.848177006705893,-0.037932756154845926,-0.056176364594856754,53.0,0.05,0.1,1.0,0.0,3.09e+19,6.0,0.0,0.0,
nugent-hyper_4,TrPi2018,15.0,-7.679326144825516,-18.770550298235325,0.08930768709074484,-18.770550298235325,100.36515608254719,,0.17166332055410558,-0.880844107068119,,,0.01838773370146416,-10.93463688484808,-2.7684567602772865,2.6020899002747466,-0.014946753897716825,-0.7863464691955189,53.0,0.05,0.1,1.0,0.0,3.09e+19,6.0,0.0,0.0,
nugent-hyper_4,nugent-hyper,3.0,-1.8380873003242217,-4.1712365451139135,0.04228692977003952,-4.1712365451139135,140.12386112149568,,,-0.2607417737755078,,,0.4309968251143241,-8.96445621325608,,,,,,,,,,,,,,-4.2004175766028276
nugent-hyper_4,nugent-hyper,5.0,-2.757559105507018,-5.292713699715695,0.044223501701972805,-5.292713699715695,141.85106215259074,,,-0.25966991178132126,,,0.07313568279147567,-7.702935770371151,,,,,,,,,,,,,,-3.001428396076923
nugent-hyper_4,nugent-hyper,7.0,-3.676499494091617,-6.434825045622534,0.046676790418045844,-6.434825045622534,137.50919533055847,,,-0.27391717590228515,,,0.4955856998173673,-9.574680596573884,,,,,,,,,,,,,,-4.368407491123244
nugent-hyper_4,nugent-hyper,9.0,-3.676583460431906,-6.405502101727584,0.04620226477359788,-6.405502101727584,162.06793413127173,,,-0.3323738585565439,,,0.19436892915172885,-7.981095029436269,,,,,,,,,,,,,,-3.7100716020024582
nugent-hyper_4,nugent-hyper,11.0,-4.595491041048454,-7.385405347844891,0.04671271614679556,-7.385405347844891,155.15948185189916,,,-0.29357615089887723,,,0.3702099285125586,-8.606863216744275,,,,,,,,,,,,,,-4.22529108671073
nugent-hyper_4,nugent-hyper,13.0,-5.515674548042808,-8.414972455506039,0.047806366326915886,-8.414972455506039,231.1677666430052,,,-0.2947441286030599,,,0.17058007392194888,-7.920067376506906,,,,,,,,,,,,,,-4.464285087967068
nugent-hyper_4,nugent-hyper,15.0,-6.434428284654851,-9.437792675367513,0.048647325142943114,-9.437792675367513,195.8409265543566,,,-0.2749157330961507,,,0.19399477467648288,-7.980105773612209,,,,,,,,,,,,,,-4.1603173547029115
nugent-hyper_5,Bu2019lm,3.0,-3.813974915014811,-12.079715599725958,0.07204634586531394,-12.079715599725958,9.842889162073611,47.065804607491806,0.760873787081912,-1.8718046443310437,-2.7941096646045924,-2.0532854357463846,0.22379143406876403,-8.77030344338353,,,,,,,,,,,,,,
nugent-hyper_5,Bu2019lm,5.0,-6.763782292872805,-14.360167625078871,0.06983411517914483,-14.360167625078871,9.645943038794154,48.167287682039955,0.7825858379356323,-1.8522057203118485,-2.8380158797861843,-1.8516047959160942,0.40540742585659884,-9.483988150876266,,,,,,,,,,,,,,
nugent-hyper_5,Bu2019lm,7.0,-12.546003893812369,-19.712503760059423,0.06267692475864081,-19.712503760059423,9.454176040552648,49.046186373946206,0.7752303793858495,-1.9310940975005673,-2.547022999420659,-1.6161180559781791,0.3818373317831889,-9.359408014935596,,,,,,,,,,,,,,
nugent-hyper_5,Bu2019lm,9.0,-12.571863857983523,-19.441103840031452,0.0631935643221721,-19.441103840031452,9.51892420703011,48.779470558312894,0.7203008808796008,-1.8530355020289928,-2.601907207175832,-1.6896701015849533,0.24998340468570898,-8.892804417698663,,,,,,,,,,,,,,
nugent-hyper_5,Bu2019lm,11.0,-21.183629314906504,-30.553932479278053,0.0706418934206832,-30.553932479278053,9.482641609762611,49.10457230173926,0.7793723226107803,-1.9392702697004678,-2.5060582838342813,-1.3286746136344751,0.16131120572259705,-8.586370309254441,,,,,,,,,,,,,,
nugent-hyper_5,Bu2019lm,13.0,-30.253812813246196,-42.62025690959391,0.08829352154699106,-42.62025690959391,9.462435751070814,49.72832372556819,0.776707343758667,0.9280409511298222,-2.439943881891616,-1.3004018509517095,0.4354606702197368,-9.688346058602772,,,,,,,,,,,,,,
nugent-hyper_5,Bu2019lm,15.0,-37.71106524190218,-50.44921689196914,0.09044823848170716,-50.44921689196914,9.757291480431329,49.08698996388534,0.7533307158256557,0.93295806212224,-2.261529883849151,-0.6734435498187583,0.23724906342314117,-8.817654740183151,,,,,,,,,,,,,,
nugent-hyper_5,TrPi2018,3.0,-4.742002349444516e-32,-1.0477810499950115,0.02895373345963296,-1.0477810499950115,189.0754222869873,,0.17254947771625676,0.9503270983695984,,,0.47705672636032104,-12.689241962669632,-2.3516457080841064,2.825591266155243,-2.7096015214920044,-2.7086058855056763,53.0,0.05,0.1,1.0,0.0,3.09e+19,6.0,0.0,0.0,
nugent-hyper_5,TrPi2018,5.0,-0.9478240320787272,-4.336760063571477,0.04571532760117089,-4.336760063571477,101.0637739990316,,0.1955149740053519,0.988232760603692,,,0.42456191334396076,-12.127067136138757,-2.6460354621991224,2.604918827965217,-0.6939796885185991,-1.75602618287151,53.0,0.05,0.1,1.0,0.0,3.09e+19,6.0,0.0,0.0,
nugent-hyper_5,TrPi2018,7.0,-1.8948781198160134,-6.023546300033022,0.05240591009218105,-6.023546300033022,111.217459330597,,0.1910386021038101,0.7866176495280519,,,0.28057597142440954,-11.469906166401294,-2.7124663101674025,2.1920117276385076,-0.14424386677170098,-2.642414944461776,53.0,0.05,0.1,1.0,0.0,3.09e+19,6.0,0.0,0.0,
nugent-hyper_5,TrPi2018,9.0,-1.888979735382569,-5.976363784904121,0.05233004541180944,-5.976363784904121,131.5611913023164,,0.19583508349602594,0.7954259449856469,,,0.1294606571865222,-11.028136973152922,-2.7301442105625746,2.4330618028322517,-1.3456210284632424,-0.6169736040255023,53.0,0.05,0.1,1.0,0.0,3.09e+19,6.0,0.0,0.0,
nugent-hyper_5,TrPi2018,11.0,-2.8212026060605457,-7.776109947610875,0.05838310609495713,-7.776109947610875,175.97989102264984,,0.1933636056834667,0.9660786967864459,,,0.09266355686830632,-10.960872722229533,-2.8182005613251744,2.534970899540118,-1.251161679598598,-0.1926544105451815,53.0,0.05,0.1,1.0,0.0,3.09e+19,6.0,0.0,0.0,
nugent-hyper_5,TrPi2018,13.0,-3.762158573424621,-9.339189269120252,0.06273699520370477,-9.339189269120252,155.22657241547975,,0.19342096884934834,0.8621245953491554,,,0.5493330391274318,-13.995415361592697,-2.7461127017895404,2.2626274367364596,-0.6272390654739652,-1.0187764710947662,53.0,0.05,0.1,1.0,0.0,3.09e+19,6.0,0.0,0.0,
nugent-hyper_5,TrPi2018,15.0,-4.699389666698985,-10.718443621292819,0.06565204350827208,-10.718443621292819,130.907620028672,,0.1948926321510183,0.467366305288067,,,0.44771286385905795,-12.300524682601399,-2.991005771877788,2.459444855524675,-0.5228709427122729,-1.2889781653489787,53.0,0.05,0.1,1.0,0.0,3.09e+19,6.0,0.0,0.0,
nugent-hyper_5,nugent-hyper,3.0,-4.2732742689412954e-08,-1.109530734243879,0.02929713610423564,-1.109530734243879,289.47410242864476,,,0.7835371697580711,,,0.5575836250577777,-11.220338435529989,,,,,,,,,,,,,,4.8119972651919145
nugent-hyper_5,nugent-hyper,5.0,-1.0591223085473234,-2.7025636189491267,0.03275340193305363,-2.7025636189491267,329.1863551455997,,,0.9996720834207085,,,0.2351705880345655,-8.095307973268405,,,,,,,,,,,,,,1.4643762056314147
nugent-hyper_5,nugent-hyper,7.0,-2.004795835339389,-3.9461630964429335,0.03600907505452068,-3.9461630964429335,210.10310731866142,,,0.9990893550551179,,,0.39894157474094855,-8.760133472883695,,,,,,,,,,,,,,1.888411460188708
nugent-hyper_5,nugent-hyper,9.0,-2.0065412656140786,-3.9275294975515362,0.03589168470632399,-3.9275294975515362,312.0703274881811,,,0.9773379106617086,,,0.12856266901155788,-7.820613296035002,,,,,,,,,,,,,,1.877164296651701
nugent-hyper_5,nugent-hyper,11.0,-2.941782682629688,-5.088630446717918,0.03826825832716552,-5.088630446717918,331.82325906038477,,,0.9484357424724719,,,0.22335826923451296,-8.06087993224092,,,,,,,,,,,,,,1.3748284445244563
nugent-hyper_5,nugent-hyper,13.0,-3.8717736687566906,-6.082957572512748,0.03919074769236459,-6.082957572512748,315.93114046300394,,,0.9526616663410228,,,0.3990335205334903,-8.760663687372004,,,,,,,,,,,,,,0.8624847650856609
nugent-hyper_5,nugent-hyper,15.0,-4.791753538981116,-7.15143116000172,0.04063569096485747,-7.15143116000172,256.0560241890955,,,0.9963985460671303,,,0.29658131987465525,-8.296327725929721,,,,,,,,,,,,,,1.7553692441373077
nugent-hyper_6,Bu2019lm,3.0,-3.2776829030044397,-8.648711540666627,0.05493243100636746,-8.648711540666627,9.403186282419831,48.75390754335452,0.7593486577434961,0.9808907943480225,-2.494077322619355,-1.8497097549657393,0.529993915510417,-10.878565574529166,,,,,,,,,,,,,,
nugent-hyper_6,Bu2019lm,5.0,-5.895533712286637,-12.412160980059708,0.05349130130408785,-12.412160980059708,9.271654092047378,47.387131414531936,0.7173638313185395,0.8684071860095925,-2.6287640181144893,-1.7951775095940836,0.2743370106085887,-8.974700681013909,,,,,,,,,,,,,,
nugent-hyper_6,Bu2019lm,7.0,-8.584585688095931,-16.86956333804142,0.0655432963266116,-16.86956333804142,9.889663563078877,48.96655194885563,0.7595923058265794,0.8655432973874104,-2.5388945069067095,-1.3291480621159524,0.18369474733607202,-8.66277945557173,,,,,,,,,,,,,,
nugent-hyper_6,Bu2019lm,9.0,-8.599602503150308,-16.97240816328298,0.06490457229560329,-16.97240816328298,9.843292331531355,49.099609057877736,0.6862139159056939,0.9728734751200241,-2.641003089244924,-1.4096265253796787,0.5495350047817077,-11.579254021608286,,,,,,,,,,,,,,
nugent-hyper_6,Bu2019lm,11.0,-12.406580746481007,-22.879138652086297,0.07948326793424272,-22.879138652086297,9.40751285834147,49.74204425182223,0.7735079864192685,0.9254847979346499,-2.8936949865811643,-0.8684154034053924,0.34417286197292135,-9.180808581547677,,,,,,,,,,,,,,
nugent-hyper_6,Bu2019lm,13.0,-17.212630831492664,-28.666275625291544,0.08895132716249729,-28.666275625291544,9.778412783323335,47.56967977477337,0.7691463034050915,0.9704811268338962,-2.7383983162182,-0.5677964172346677,0.49965138977925916,-10.328626336097646,,,,,,,,,,,,,,
nugent-hyper_6,Bu2019lm,15.0,-26.537153390561464,-37.431667664495784,0.08731676381621804,-37.431667664495784,9.055368921647643,48.25177983654567,0.7814551287489884,0.9193602789930546,-2.488894696799151,-0.531080615148138,0.29923190280099127,-8.992988523442197,,,,,,,,,,,,,,
nugent-hyper_6,TrPi2018,3.0,-1.8413639391007033,-4.752864017405021,0.04261525417182029,-4.752864017405021,158.51452872695165,,0.1889573735845318,-1.3812405060487358,,,0.42844970192548987,-12.187410989192458,-2.014596459546503,2.2903024109815715,-0.7890041267630288,-1.0338449427215934,53.0,0.05,0.1,1.0,0.0,3.09e+19,6.0,0.0,0.0,
nugent-hyper_6,TrPi2018,5.0,-2.7703950153929657,-6.619723979958203,0.05070801271974566,-6.619723979958203,175.03824351705168,,0.18363926086735832,-1.7375508923494438,,,0.0688978768785448,-10.963508287966857,-2.6718716914517797,2.0749929819639754,-0.641753380092354,-0.46967449946055506,53.0,0.05,0.1,1.0,0.0,3.09e+19,6.0,0.0,0.0,
nugent-hyper_6,TrPi2018,7.0,-3.715916707394186,-8.357167819272377,0.05685254538305642,-8.357167819272377,141.12134651557542,,0.18767505305768195,-1.6429159168074545,,,0.14865361707887056,-11.114472696147423,-2.6195599988746805,2.35445230363973,-0.10546466944142541,-1.9796893631244572,53.0,0.05,0.1,1.0,0.0,3.09e+19,6.0,0.0,0.0,
nugent-hyper_6,TrPi2018,9.0,-3.71538490927852,-8.341455583582407,0.05633204078144595,-8.341455583582407,154.98867282375363,,0.19206855842001383,-1.720486091267631,,,0.1801508113103155,-11.168848876744557,-2.706078105265834,2.421536848764673,-0.35596632255575855,-1.255595783339627,53.0,0.05,0.1,1.0,0.0,3.09e+19,6.0,0.0,0.0,
nugent-hyper_6,TrPi2018,11.0,-4.67468318244394,-10.019668827050669,0.0610735348293709,-10.019668827050669,131.50893818480205,,0.18793492052955654,-1.791244821015909,,,0.33447349172030877,-11.690278578863209,-2.9042133587749888,2.345618864419756,-0.20771953256301812,-1.1852238715217935,53.0,0.05,0.1,1.0,0.0,3.09e+19,6.0,0.0,0.0,
nugent-hyper_6,TrPi2018,13.0,-5.690116598223923,-12.095013561461057,0.06775259192034731,-12.095013561461057,163.01822159052912,,0.18386655774913008,-1.753673465887269,,,0.2911550911399607,-11.544647348507468,-2.9679168710073025,2.1552359145598237,-0.22092075061692196,-0.7395017834735014,53.0,0.05,0.1,1.0,0.0,3.09e+19,6.0,0.0,0.0,
nugent-hyper_6,TrPi2018,15.0,-6.6249306680286075,-13.50647015310047,0.0708561722988109,-13.50647015310047,101.59291151538936,,0.19523793875113588,-1.9504349612964222,,,0.07651219908113245,-10.918234976929694,-2.8028962462951785,2.1312557389236892,-0.4637214758007526,-1.1080296448209634,53.0,0.05,0.1,1.0,0.0,3.09e+19,6.0,0.0,0.0,
nugent-hyper_6,nugent-hyper,3.0,-1.8413042235027386,-3.6770500201884935,0.03545049538563461,-3.6770500201884935,331.4091309464296,,,-0.29074022478587036,,,0.24644609574760976,-8.12931544631882,,,,,,,,,,,,,,-1.0500943110922223
nugent-hyper_6,nugent-hyper,5.0,-2.7640039051749876,-4.825754713124243,0.038445398016508286,-4.825754713124243,164.42290097308202,,,-0.2879492698606987,,,0.05625261068324631,-7.669679056783586,,,,,,,,,,,,,,1.2759080722704113
nugent-hyper_6,nugent-hyper,7.0,-3.6835883789262605,-5.870949590248288,0.03994760253293953,-5.870949590248288,242.34498218952203,,,-0.2912283186625866,,,0.1704556560707261,-7.919757788591993,,,,,,,,,,,,,,-0.024119417472802773
nugent-hyper_6,nugent-hyper,9.0,-3.6834239566882747,-5.893539937737048,0.040206187371092245,-5.893539937737048,285.9618514799464,,,-0.2755980547253576,,,0.5015560057889754,-9.655591224809108,,,,,,,,,,,,,,-1.5956235614635577
nugent-hyper_6,nugent-hyper,11.0,-4.602448693530811,-6.924064951476969,0.0415558084839112,-6.924064951476969,265.85647113071377,,,-0.323179215638415,,,0.21400925024308942,-8.034447548751437,,,,,,,,,,,,,,-0.40712231139151545
nugent-hyper_6,nugent-hyper,13.0,-5.522397566343301,-7.954438304976662,0.042642215856871626,-7.954438304976662,277.1807452029375,,,-0.2530466447743933,,,0.08442494256744404,-7.725807126960724,,,,,,,,,,,,,,-0.05943780529919529
nugent-hyper_6,nugent-hyper,15.0,-6.441266700990728,-8.996488214099427,0.043786819897173215,-8.996488214099427,261.6380406052411,,,-0.2842902269119576,,,0.03127737886358629,-7.622425510080906,,,,,,,,,,,,,,0.2705449569758738
