candidate,model,tmax,log_likelihood,log_evidence,log_evidence_err,log_bayes_factor,luminosity_distance,KNtimeshift,supernova_mag_boost,Ebv,log_prior,chi2,inclination_EM,log10_n0,p,log10_epsilon_e,log10_epsilon_B,log10_E0,thetaCore,thetaWing,ksiN,L0,dL,b,q,ts,KNphi,log10_mej_dyn,log10_mej_wind
Bu2019lm_00000,Bu2019lm,3.0,-5.540662283857333,-9.246432621662976,0.04528105637320528,-9.246432621662976,6.311913553120477,-0.017613144293407768,,0.20783875984244785,-8.860322818567095,0.003788393709358301,0.6467761840067697,,,,,,,,,,,,,,46.808553878368585,-2.5543403495714636,-0.7028801936753624
Bu2019lm_00000,Bu2019lm,5.0,-9.260339988200691,-13.69359313751012,0.05558307645029131,-13.69359313751012,5.808605876245817,-0.025879030255242297,,0.37398108071052794,-9.356606995071935,0.0015180198635906142,0.7396843558101762,,,,,,,,,,,,,,48.109108082709994,-2.6103682466018228,-0.812919679048695
Bu2019lm_00000,Bu2019lm,7.0,-12.932702900913963,-17.79775509252354,0.05951769636031671,-17.79775509252354,6.084912405879956,-0.0002648004344387722,,0.29482207682223077,-9.296349639596484,0.005636683837495957,0.5372272658979735,,,,,,,,,,,,,,47.83718257069241,-2.70355035679639,-0.8652229369046043
Bu2019lm_00000,Bu2019lm,9.0,-16.58933606207403,-22.15280544972352,0.06354599435634352,-22.15280544972352,6.27795633343996,0.005593676094011624,,0.21594481490676182,-8.76706972359369,0.00041960800023785094,0.7430806846681859,,,,,,,,,,,,,,43.13850415756363,-2.4699481409115265,-0.5596895722033572
Bu2019lm_00000,Bu2019lm,11.0,-20.253641903380093,-26.42773085460142,0.06631566953707214,-26.42773085460142,5.857991514997233,-0.0021734521063647705,,0.21332273845460445,-8.79073685827918,0.00027390884238337194,0.715388339169321,,,,,,,,,,,,,,49.39798086807207,-2.4926106099923135,-0.5280168840988764
Bu2019lm_00000,Bu2019lm,13.0,-23.851165372545406,-30.28226624294764,0.06777838744189404,-30.28226624294764,5.832041238830497,0.039225125273284256,,0.29939061495639596,-9.09778131591477,0.0007561621174212886,0.6875044437024621,,,,,,,,,,,,,,49.541610245773725,-2.5456716275392712,-0.6491329350678656
Bu2019lm_00000,TrPi2018,3.0,-5.5891540080799285,-10.524287246771394,0.05940945116340847,-10.524287246771394,170.6748067787854,-0.09813182028293196,,0.19466938473377812,-9.216172836269138,4.2716596270220135,0.18025735746816823,-0.5196432389216534,2.523741994903698,-0.3772030747634165,-0.34761681222241725,53.0,0.05,0.1,1.0,0.0,3.09e+19,6.0,0.0,0.0,,,
Bu2019lm_00000,TrPi2018,5.0,-9.312047151904363,-14.77482866991522,0.06414288667968154,-14.77482866991522,165.21191664980358,-0.061310456346329235,,0.5526104014620843,-12.239504095333238,1.5910792605832254,0.1672220723081073,-0.1491463659636585,2.340012812813721,-0.02703274779642406,-0.8327795430372689,53.0,0.05,0.1,1.0,0.0,3.09e+19,6.0,0.0,0.0,,,
Bu2019lm_00000,TrPi2018,7.0,-12.994174273213257,-18.82695975248642,0.06637816262085866,-18.82695975248642,164.38890611694643,-0.0918545418242525,,0.24950704658704764,-9.315007760346246,1.652772829047959,0.19115550796038824,-0.1041465525701093,2.7943512473468384,-0.2628622113749568,-2.1983516240826013,53.0,0.05,0.1,1.0,0.0,3.09e+19,6.0,0.0,0.0,,,
Bu2019lm_00000,TrPi2018,9.0,-16.684386384205176,-22.925610450243997,0.06866721313389813,-22.925610450243997,183.81908376117968,-0.05673563157706286,,0.17648984378376043,-9.155940458509594,1.0157718499522341,0.182684217008153,0.20078763983347603,2.208969240777511,-0.1836301829658833,-0.7984760927481238,53.0,0.05,0.1,1.0,0.0,3.09e+19,6.0,0.0,0.0,,,
Bu2019lm_00000,TrPi2018,11.0,-20.476726722145628,-27.111073074861835,0.07019801695525248,-27.111073074861835,155.28294973226593,0.5333856123595824,,0.0894116630788934,-9.239073003226407,0.20652689816139802,0.13746983614633568,-0.809057253216956,2.5121532585964426,-0.3808270057421854,-2.48945748721341,53.0,0.05,0.1,1.0,0.0,3.09e+19,6.0,0.0,0.0,,,
Bu2019lm_00000,TrPi2018,13.0,-24.176280962130672,-31.57634219019501,0.07266594506757658,-31.57634219019501,181.7704166862145,-0.06207076246917295,,0.11817317660659157,-9.025985544881472,0.757066813158497,0.1813123434077725,-0.2760393620796995,2.8644428655579315,-0.29837564043871634,-2.317448417538693,53.0,0.05,0.1,1.0,0.0,3.09e+19,6.0,0.0,0.0,,,
Bu2019lm_00000,nugent-hyper,3.0,-5.78185587103647,-8.878673680358549,0.04925124557722346,-8.878673680358549,186.68205638976508,-0.9958793255206819,-4.283311183900883,0.2965651807261075,-6.79219181724853,0.01785186382351156,,,,,,,,,,,,,,,,,
Bu2019lm_00000,nugent-hyper,5.0,-12.395053086192481,-15.990211750858496,0.05180753743438935,-15.990211750858496,182.9203431329947,-0.9986230731169581,-3.4738889561338264,0.2479103141442938,-6.629740272001989,0.05347955566744994,,,,,,,,,,,,,,,,,
Bu2019lm_00000,nugent-hyper,7.0,-22.23458678948174,-26.248045515903478,0.054408411125834874,-26.248045515903478,192.5262260688763,-0.997210995185912,-3.076496262872743,0.28128294966877565,-6.7382686018008515,0.11048184717914585,,,,,,,,,,,,,,,,,
Bu2019lm_00000,nugent-hyper,9.0,-36.08044408276029,-40.66927358662411,0.057104548951341615,-40.66927358662411,165.71586720339997,-0.9958832344241241,-3.1143457626821878,0.5499494702628862,-9.300679812694973,0.26737350540187793,,,,,,,,,,,,,,,,,
Bu2019lm_00000,nugent-hyper,11.0,-56.380088707968255,-61.38242957066825,0.05944512277691634,-61.38242957066825,223.58514991499578,-0.9995536838170928,-1.9688763642296294,0.1876751814979234,-6.459465701323156,0.2262945233922298,,,,,,,,,,,,,,,,,
Bu2019lm_00000,nugent-hyper,13.0,-85.57742869081547,-91.09032817249053,0.06133869869851185,-91.09032817249053,167.23313568071205,-0.9945707531868864,-0.7818535576219006,0.21407693151479945,-6.530559017517277,0.3110511493747588,,,,,,,,,,,,,,,,,
TrPi2018_00000,Bu2019lm,3.0,-6.730251765701862,-11.620017393545625,0.049051349084876114,-11.620017393545625,9.62790911402145,-1.762773848716133,,0.3693215863903977,-9.370060962930795,0.11936993500828548,0.7073051891253663,,,,,,,,,,,,,,49.19787416677446,-2.6731565935954857,-1.169301635562157
TrPi2018_00000,Bu2019lm,5.0,-10.352842310028858,-17.384860693268973,0.060829887614165884,-17.384860693268973,9.837422902907605,-1.9792661216584582,,0.5123604799354198,-10.594612133890463,0.09666542407286592,0.7022346764499319,,,,,,,,,,,,,,47.709638735443804,-2.6537894463036444,-1.0628201244895132
TrPi2018_00000,Bu2019lm,7.0,-14.26334244195371,-22.98473005218478,0.07127760109660354,-22.98473005218478,9.58392855726311,-1.9460396732159895,,0.43831070858152854,-9.764268763421876,0.08059898016236858,0.7254830644596413,,,,,,,,,,,,,,49.03366716523548,-2.7114624465943806,-1.0051233866474134
TrPi2018_00000,Bu2019lm,9.0,-17.861334870614186,-27.347753515133157,0.07595045862142237,-27.347753515133157,9.9364168977979,-1.9896959457467696,,0.10052643982491442,-8.45996259309543,0.07925086509352164,0.7681429749045715,,,,,,,,,,,,,,46.38818663621609,-2.605930443661011,-0.9274058001021164
TrPi2018_00000,Bu2019lm,11.0,-19.10981084148793,-28.4213966595973,0.07604343482972893,-28.4213966595973,9.900791657483355,-1.8512775241478208,,0.23012651073864038,-8.802959007351486,0.04622015091723818,0.7474261260546876,,,,,,,,,,,,,,49.85435915120138,-2.6671478710818177,-0.9855003374332374
TrPi2018_00000,TrPi2018,3.0,-5.521672804376716,-9.736544089545912,0.05546510637689076,-9.736544089545912,182.2552855677628,0.5151707550462783,,0.13396955027170074,-9.322821551886928,0.006229957288840246,0.1392862514549596,-1.1705480808137172,2.5440249537500788,-1.0027161055443954,-2.1223172009494764,53.0,0.05,0.1,1.0,0.0,3.09e+19,6.0,0.0,0.0,,,
TrPi2018_00000,TrPi2018,5.0,-9.212224104817144,-14.133150334783377,0.060957755711025546,-14.133150334783377,179.21524226789631,0.09809241849506753,,0.11407319023421189,-9.196863778902248,0.0013117477172532076,0.15121246384697287,-0.2811746954038217,2.1766157344685793,-1.1359355093096655,-2.3326807680705413,53.0,0.05,0.1,1.0,0.0,3.09e+19,6.0,0.0,0.0,,,
TrPi2018_00000,TrPi2018,7.0,-12.877721003808867,-18.14162352311593,0.06271129110711479,-18.14162352311593,165.58825359533188,-0.08576884283489446,,0.05793571204487809,-8.887736697998736,0.00014000345989764905,0.1838453823763502,0.23533813818995064,2.178131426841047,-1.168803563809045,-2.331065951133681,53.0,0.05,0.1,1.0,0.0,3.09e+19,6.0,0.0,0.0,,,
TrPi2018_00000,TrPi2018,9.0,-16.274771227757466,-21.88823702831288,0.06428997399053459,-21.88823702831288,177.69454993273186,-0.084830734837635,,0.1883921584596763,-9.115483896516443,0.000426666967332051,0.19629164075078032,-0.015318837917584371,2.7503471229204153,-1.0432659517219274,-0.4040051969689502,53.0,0.05,0.1,1.0,0.0,3.09e+19,6.0,0.0,0.0,,,
TrPi2018_00000,TrPi2018,11.0,-18.087117083716855,-24.574621190509454,0.06766720063549354,-24.574621190509454,182.0028389859586,-0.05709591787870839,,0.3711784763826471,-9.8366517266968,0.005952490465108277,0.18195957835480503,-0.17711565521083283,2.9703190818633436,-0.6379631418818645,-2.3784815405708164,53.0,0.05,0.1,1.0,0.0,3.09e+19,6.0,0.0,0.0,,,
TrPi2018_00000,nugent-hyper,3.0,-6.164660430398186,-9.116019389637959,0.04679107971851823,-9.116019389637959,207.90833629932993,-0.9775918302881059,-0.9850421643507286,0.031177289174195436,-6.1181631636647715,0.029741330777342832,,,,,,,,,,,,,,,,,
TrPi2018_00000,nugent-hyper,5.0,-12.705120686595434,-16.201040856051556,0.05080195844015265,-16.201040856051556,218.31836164561088,-0.9935725699877411,-1.3977207984364375,0.28360476766286086,-6.746276124558318,0.06174676645391459,,,,,,,,,,,,,,,,,
TrPi2018_00000,nugent-hyper,7.0,-22.522166303872858,-26.577829326141256,0.054231198030942444,-26.577829326141256,224.6021305053855,-0.9955850051198825,-1.7141061868067977,0.5378809104744527,-8.870481532319252,0.19193452148369822,,,,,,,,,,,,,,,,,
TrPi2018_00000,nugent-hyper,9.0,-36.498578842268316,-41.09473675486121,0.05704589542751142,-41.09473675486121,164.52523480911657,-0.9987704220543642,0.8339286769212624,0.16923500289727939,-6.412648122665365,0.13476947561982844,,,,,,,,,,,,,,,,,
TrPi2018_00000,nugent-hyper,11.0,-55.53599961821821,-60.65034546159315,0.06052559994948897,-60.65034546159315,167.36527576408793,-0.995262557837865,1.2265255349266413,0.19085080876911686,-6.467754238873077,0.19032921551907336,,,,,,,,,,,,,,,,,
nugent-hyper_00000,Bu2019lm,3.0,-5.644876022168094,-10.667103817480688,0.05464245279884105,-10.667103817480688,9.315918672657226,0.14215012370152635,,0.12320713190892482,-9.70657318082371,0.012115566506285615,0.21139587723113884,,,,,,,,,,,,,,40.320790273423306,-2.6992810493324906,-0.5177749589407803
nugent-hyper_00000,Bu2019lm,5.0,-10.131634365092314,-17.258111673285608,0.06844804962569685,-17.258111673285608,6.386717467865833,0.6156804281592327,,0.07195779045031249,-8.81569627078889,0.028409672409055835,0.47690046650450346,,,,,,,,,,,,,,47.5517661251049,-2.9764471833785193,-0.7605806530858503
nugent-hyper_00000,Bu2019lm,7.0,-16.594184438718028,-26.07635280543792,0.08081591613400538,-26.07635280543792,4.829451860639226,0.7371003710283159,,0.29818533471000686,-9.336569590440824,0.06026254800911661,0.5208420690807934,,,,,,,,,,,,,,49.68381693977427,-2.9837163622475207,-0.709372640112667
nugent-hyper_00000,Bu2019lm,9.0,-27.100954169479788,-38.32017236537395,0.09080353704949311,-38.32017236537395,3.5014190455730354,0.6947304874655442,,0.22697540162618995,-8.864408684895976,0.11072350443268637,0.6859503572779478,,,,,,,,,,,,,,49.89054875981867,-2.9873682816380263,-0.7152157136414479
nugent-hyper_00000,Bu2019lm,11.0,-43.62115862328954,-56.70645130303373,0.0993382137145271,-56.70645130303373,2.6460608242743513,0.9941788718308135,,0.4204266509296553,-9.762742940188701,0.20365528414910009,0.6264977907131759,,,,,,,,,,,,,,49.86405857727892,-2.9803794028045747,-0.6552618492079088
nugent-hyper_00000,Bu2019lm,13.0,-69.47024215874424,-85.39769836618248,0.11113327208282688,-85.39769836618248,2.1186142789823172,0.9572584556830939,,0.4227704810991102,-9.591442094398886,0.30510395934987433,0.7849111878792268,,,,,,,,,,,,,,49.575687303183024,-2.9830667950061387,-0.6337076324225785
nugent-hyper_00000,TrPi2018,3.0,-5.689306668878689,-11.165677557229671,0.06174466321769919,-11.165677557229671,152.90110186346658,-0.09887490473156625,,0.1839041684900253,-9.343296929246273,0.00201204412265404,0.15411525600390613,-2.209581685024003,2.3460989016354548,-0.33803873143746443,-1.0508526055739718,53.0,0.05,0.1,1.0,0.0,3.09e+19,6.0,0.0,0.0,,,
nugent-hyper_00000,TrPi2018,5.0,-9.888961160711961,-17.59476288752727,0.07241863721301472,-17.59476288752727,157.93831735925596,-0.09820395040291682,,0.0606410831694792,-9.018707504523416,0.006263088480906839,0.1619246310872707,-1.6924549029113338,2.251765922881021,-0.1427446513351267,-1.5196426791955682,53.0,0.05,0.1,1.0,0.0,3.09e+19,6.0,0.0,0.0,,,
nugent-hyper_00000,TrPi2018,7.0,-14.35419304753465,-24.102848753218257,0.08189194179145322,-24.102848753218257,164.3884634578425,-0.07566907623580675,,0.4973291978145661,-11.09688486386495,0.012423819861158715,0.1379894667249586,-2.9790209349608046,2.9561728838815338,-0.004976677310304822,-0.6366319199556099,53.0,0.05,0.1,1.0,0.0,3.09e+19,6.0,0.0,0.0,,,
nugent-hyper_00000,TrPi2018,9.0,-19.322558515133064,-30.93541837206704,0.09041915967316425,-30.93541837206704,158.32298804597178,-0.09529918301659136,,0.017099406687731643,-8.94979642933854,0.023979347137773468,0.1598562565218311,-2.164570273156642,2.317849189777585,-0.021278376933785204,-1.1774977750398394,53.0,0.05,0.1,1.0,0.0,3.09e+19,6.0,0.0,0.0,,,
nugent-hyper_00000,TrPi2018,11.0,-25.10516956249877,-38.19117641823814,0.09771033362592503,-38.19117641823814,176.57272152588567,-0.091986238437765,,0.09592079685156739,-9.190402757643975,0.031207413169783833,0.14635925840897673,-2.8938633655045978,2.739522238696372,-0.0023239875793743536,-0.8204506871687158,53.0,0.05,0.1,1.0,0.0,3.09e+19,6.0,0.0,0.0,,,
nugent-hyper_00000,TrPi2018,13.0,-30.4826078670433,-45.45675610029939,0.1043713100941574,-45.45675610029939,157.28356669984194,-0.09389843320108793,,0.023171206722046613,-9.043921225899178,0.035663852112168444,0.14700793193919257,-2.9375264261148697,2.3466397627863405,-0.015024003744463776,-0.7085335103020949,53.0,0.05,0.1,1.0,0.0,3.09e+19,6.0,0.0,0.0,,,
nugent-hyper_00000,nugent-hyper,3.0,-5.518955217228293,-8.267069573013563,0.04524496812491431,-8.267069573013563,188.88189968397165,-0.05157041944910434,-3.7622411137627996,0.23791512714768132,-6.599402367529103,0.04361141247339285,,,,,,,,,,,,,,,,,
nugent-hyper_00000,nugent-hyper,5.0,-9.196478498543476,-12.215403677236047,0.047645501969521435,-12.215403677236047,169.6882396719428,-0.051197875593769204,-4.339590507663696,0.48422937617368633,-7.9327201785716515,0.18305314253003713,,,,,,,,,,,,,,,,,
nugent-hyper_00000,nugent-hyper,7.0,-12.877178361261436,-16.078513324675615,0.04927175848990292,-16.078513324675615,189.16877657175064,-0.06263244152069092,-3.851202130317688,0.26488544540405273,-6.683471604767022,0.05521531803319708,,,,,,,,,,,,,,,,,
nugent-hyper_00000,nugent-hyper,9.0,-16.557264300404608,-19.92021059595562,0.05063972789142402,-19.92021059595562,201.34790141022393,-0.04669441092459836,-4.900136573154747,0.5318206466927289,-8.708734624884828,0.22888710504845383,,,,,,,,,,,,,,,,,
nugent-hyper_00000,nugent-hyper,11.0,-20.23682669407402,-23.78110001408831,0.05229168403594915,-23.78110001408831,189.16877657175064,-0.06263244152069092,-3.851202130317688,0.26488544540405273,-6.683471604767022,0.0565323075845008,,,,,,,,,,,,,,,,,
nugent-hyper_00000,nugent-hyper,13.0,-23.912268694850937,-27.460991296989597,0.05213997788799055,-27.460991296989597,219.48418318687936,-0.04718679601818532,-4.983434260779506,0.494454025590846,-8.055978071986278,0.20411276260993985,,,,,,,,,,,,,,,,,
nugent-hyper_00001,Bu2019lm,3.0,-10.664666343484,-20.047333313402554,0.07974232585707894,-20.047333313402554,9.643513824419685,-1.8851523864152582,,0.4103654696593634,-9.528216349150044,0.5140056397398524,0.7687692366132947,,,,,,,,,,,,,,49.55262342835664,-2.875526328650491,-2.0030414488720423
nugent-hyper_00001,Bu2019lm,5.0,-23.439843589524763,-33.222869743769344,0.07372824166769641,-33.222869743769344,9.875967107061113,-1.9386394890412884,,0.02578107146134764,-8.333072331978919,0.38028031696714104,0.7490458970707234,,,,,,,,,,,,,,48.81028668254224,-2.8645230853437376,-1.596572385478089
nugent-hyper_00001,Bu2019lm,7.0,-40.75003418764406,-53.25421923171476,0.09089174801587925,-53.25421923171476,9.465405592065501,-1.850105617593872,,0.1882864868884075,-8.659857950087321,0.36358703922072855,0.7738536572702691,,,,,,,,,,,,,,49.73186153652895,-2.6452741093834655,-1.2922244961621767
nugent-hyper_00001,Bu2019lm,9.0,-56.161620497174916,-71.41477969183724,0.10375940450245838,-71.41477969183724,9.943232387588145,-1.942244528301019,,0.07311574745980796,-8.39225354761234,0.34485032775388935,0.7791257926283757,,,,,,,,,,,,,,49.87108053021672,-2.5304407042982637,-0.9065530354061604
nugent-hyper_00001,Bu2019lm,11.0,-66.4213416387942,-84.90739686207979,0.11577125883319586,-84.90739686207979,9.869873189572813,0.9554838341415195,,0.2772600134492496,-8.931198421489617,0.29103714797572244,0.7662390651615737,,,,,,,,,,,,,,49.889832810154736,-2.835661109331914,-0.938000254769475
nugent-hyper_00001,Bu2019lm,13.0,-79.41428142757024,-98.19817297324377,0.11456724013554824,-98.19817297324377,9.847219182156028,0.9950543553784841,,0.11901676722081705,-8.490727293490766,0.2973798166567835,0.7771192815176808,,,,,,,,,,,,,,49.67754522205924,-2.981926934779978,-0.6776145173232244
nugent-hyper_00001,TrPi2018,3.0,-4.902237602271135,-9.316434703784198,0.055451313798291164,-9.316434703784198,169.2436608191672,-0.09254047639503112,,0.48674242908905374,-10.696611872613088,0.030653906383363395,0.1808752372641272,-1.7528634956093083,2.539627988480192,-1.0202210664614682,-1.268472383558176,53.0,0.05,0.1,1.0,0.0,3.09e+19,6.0,0.0,0.0,,,
nugent-hyper_00001,TrPi2018,5.0,-8.627625576402783,-14.340064259936694,0.06215899967894285,-14.340064259936694,157.42968666736166,-0.09412965438241482,,0.12576213449837828,-9.085432560649911,0.012394905468455867,0.1736722272948512,-1.7354524628223076,2.0516075285737982,-0.5009440381352515,-2.1529117884825713,53.0,0.05,0.1,1.0,0.0,3.09e+19,6.0,0.0,0.0,,,
nugent-hyper_00001,TrPi2018,7.0,-12.565534622984455,-19.50956443225402,0.06913221058153181,-19.50956443225402,158.21240274333798,-0.08005778291157759,,0.11131525980754614,-9.060056502022956,0.02029340451541157,0.1725430587735136,-2.103101777203094,2.0913105044382383,-0.5476261455554807,-1.9384803261328207,53.0,0.05,0.1,1.0,0.0,3.09e+19,6.0,0.0,0.0,,,
nugent-hyper_00001,TrPi2018,9.0,-16.621922858873177,-24.65399303850428,0.07550608737535507,-24.65399303850428,176.47549834747207,-0.09573172132996485,,0.12360738681973125,-9.05229041139562,0.020258002424491748,0.17871564535599116,-1.965392693429621,2.1021563792728655,-0.21217612860295265,-2.1978985659614394,53.0,0.05,0.1,1.0,0.0,3.09e+19,6.0,0.0,0.0,,,
nugent-hyper_00001,TrPi2018,11.0,-20.646487659823148,-29.520717739379137,0.07959946289359762,-29.520717739379137,157.14813621868183,-0.09860471435867144,,0.09325732586054918,-8.999059768843534,0.023156420982269603,0.1765243955376254,-2.2122527865550428,2.1068308475729887,-0.3048580980305817,-2.02771560771217,53.0,0.05,0.1,1.0,0.0,3.09e+19,6.0,0.0,0.0,,,
nugent-hyper_00001,TrPi2018,13.0,-24.886836157932144,-34.57534679154017,0.08422407943511197,-34.57534679154017,155.45776804020306,-0.09518153116037431,,0.11036326985050224,-9.04980675787353,0.029744657652933534,0.17397592684926474,-2.57210707487301,2.1506229053568893,-0.5332776007929185,-1.4449906254360427,53.0,0.05,0.1,1.0,0.0,3.09e+19,6.0,0.0,0.0,,,
nugent-hyper_00001,nugent-hyper,3.0,-4.843121256025311,-7.281563191617032,0.040270705595622854,-7.281563191617032,198.89038627345408,0.21261117797427254,-0.5888199733273627,0.5654525114973641,-10.473613795171937,0.19803055696896818,,,,,,,,,,,,,,,,,
nugent-hyper_00001,nugent-hyper,5.0,-8.501090800523082,-11.313383220539873,0.04411091067416552,-11.313383220539873,168.31459029745295,0.21756532882740598,-0.03219152807228021,0.521235099482133,-8.47694026271553,0.16730674720219996,,,,,,,,,,,,,,,,,
nugent-hyper_00001,nugent-hyper,7.0,-12.194729217506168,-15.225268006893803,0.04617462081615866,-15.225268006893803,223.83545608361334,0.2175099363500521,0.1934773450367855,0.25936367357169593,-6.665674780230597,0.044318549514202076,,,,,,,,,,,,,,,,,
nugent-hyper_00001,nugent-hyper,9.0,-15.896133353931944,-19.11167764197107,0.048075333485392516,-19.11167764197107,176.3779960837096,0.22674904736016233,-0.2635240918683497,0.5451820707269958,-9.108118102315636,0.19015600598895402,,,,,,,,,,,,,,,,,
nugent-hyper_00001,nugent-hyper,11.0,-19.590776421538404,-22.904322686490634,0.048890180413656184,-22.904322686490634,214.83243857592072,0.21562019276897804,0.3634432277413424,0.23770206557913934,-6.59876558614911,0.038315609467563905,,,,,,,,,,,,,,,,,
nugent-hyper_00001,nugent-hyper,13.0,-23.269126727145228,-26.690704671394382,0.05002791962011744,-26.690704671394382,210.9279611537354,0.21295337974658834,-0.40999947629896205,0.47679774222409915,-7.851797586231601,0.1478091879060451,,,,,,,,,,,,,,,,,
nugent-hyper_00003,Bu2019lm,3.0,-5.6574623635928845,-11.443462932580138,0.0565962947685702,-11.443462932580138,9.293106123644725,0.11654524385771703,,0.4769581878102486,-10.091835038482495,0.013240802189834385,0.7366238597252492,,,,,,,,,,,,,,44.63549703001915,-2.7943436214181765,-0.6608765955670544
nugent-hyper_00003,Bu2019lm,5.0,-10.242217068331456,-17.305382463670128,0.06924707977664228,-17.305382463670128,7.079808890859045,0.6015504786331229,,0.42358256687544793,-9.924362354452924,0.03464221323339925,0.5344771870684677,,,,,,,,,,,,,,47.861703201051164,-2.9848174621254238,-0.7663196003903008
nugent-hyper_00003,Bu2019lm,7.0,-16.60737464992921,-25.7299898826427,0.07865620794120629,-25.7299898826427,5.649569601062308,0.6525194986012215,,0.2229928797790827,-8.954338843681828,0.05776063689362183,0.6093490133609964,,,,,,,,,,,,,,49.24889889286476,-2.986976342121791,-0.7374408272026622
nugent-hyper_00003,Bu2019lm,9.0,-27.2482149770382,-38.1528812382814,0.08923681330059484,-38.1528812382814,4.646207124691527,0.6311684902026018,,0.04459815920937077,-8.478227513000768,0.10665597138385638,0.6559771146510351,,,,,,,,,,,,,,49.40153374542229,-2.976617726515139,-0.6436268803902561
nugent-hyper_00003,Bu2019lm,11.0,-43.63795843829799,-56.79697172502537,0.09882577206942765,-56.79697172502537,3.374421742750551,0.7074039590461147,,0.49027627844788896,-10.206222692108321,0.179863013515957,0.7702962087295695,,,,,,,,,,,,,,49.590517722705776,-2.9704379884107857,-0.5937651737563607
nugent-hyper_00003,Bu2019lm,13.0,-69.21685165354414,-84.29053576335754,0.10688844182924985,-84.29053576335754,2.5681795062992863,0.9666115750025064,,0.5168498369008312,-10.622199259307104,0.30036187337132464,0.746577334229219,,,,,,,,,,,,,,49.43279379175856,-2.966806928395778,-0.652832172750311
nugent-hyper_00003,TrPi2018,3.0,-5.736318759775769,-11.080689835325115,0.06064796662727954,-11.080689835325115,155.0737049023907,-0.027493358085064465,,0.08074932607037907,-8.979065918467093,0.005408483994550723,0.17549709642995087,-0.5741818181048539,2.094155303144092,-0.2193701887668329,-2.1813505399598,53.0,0.05,0.1,1.0,0.0,3.09e+19,6.0,0.0,0.0,,,
nugent-hyper_00003,TrPi2018,5.0,-9.683369220678467,-17.432328180959818,0.07192685256689638,-17.432328180959818,177.14685881433152,-0.09256230850716002,,0.054298835913373145,-8.962176720683262,0.005385206838521856,0.16931376210951635,-1.5204003220190077,2.3054800056282816,-0.1472997988417779,-1.734356033263413,53.0,0.05,0.1,1.0,0.0,3.09e+19,6.0,0.0,0.0,,,
nugent-hyper_00003,TrPi2018,7.0,-14.168430680900741,-23.738845728426835,0.08105811786288256,-23.738845728426835,159.1881600200653,-0.08677914134977617,,0.06865398369501005,-8.91483059992483,0.011536411050074734,0.18272578198133296,-1.1554226683029132,2.154524189514748,-0.009685062463864469,-1.6879282900360826,53.0,0.05,0.1,1.0,0.0,3.09e+19,6.0,0.0,0.0,,,
nugent-hyper_00003,TrPi2018,9.0,-18.81879764015529,-30.226357189192527,0.08858655935556821,-30.226357189192527,156.6576160758089,-0.09091724952649213,,0.0084976054056579,-8.925141785297928,0.01857393081039296,0.16136013148308942,-2.275300886917938,2.16074938900772,-0.09999559474266384,-0.9067950050163631,53.0,0.05,0.1,1.0,0.0,3.09e+19,6.0,0.0,0.0,,,
nugent-hyper_00003,TrPi2018,11.0,-23.8490680598132,-37.18232984344747,0.09639197703356854,-37.18232984344747,153.19338849936378,-0.07701164430731722,,0.018783914973000675,-9.032546154757263,0.021013502951459102,0.1475150471469826,-2.933544650591423,2.154601722521943,-0.03711701009502466,-0.6415051906305402,53.0,0.05,0.1,1.0,0.0,3.09e+19,6.0,0.0,0.0,,,
nugent-hyper_00003,TrPi2018,13.0,-29.575427050180625,-44.2511299836732,0.10239088723759991,-44.2511299836732,162.1932185303505,-0.094341189253581,,0.018287656285220007,-9.021061759452815,0.031166321976801515,0.14909697077108405,-2.9483322824534923,2.23252333229288,-0.03663171992340741,-0.6640952097660313,53.0,0.05,0.1,1.0,0.0,3.09e+19,6.0,0.0,0.0,,,
nugent-hyper_00003,nugent-hyper,3.0,-5.519116376271303,-8.240737195114187,0.0445075639291727,-8.240737195114187,190.109274632435,-0.06075358196985137,-4.3682657342411595,0.5589093926815564,-9.810000333807057,0.22584280468690507,,,,,,,,,,,,,,,,,
nugent-hyper_00003,nugent-hyper,5.0,-9.196419162228432,-12.22546615496891,0.047368569285414684,-12.22546615496891,193.4302809547129,-0.044959848224123466,-4.342347210554765,0.5341552238952532,-8.767987044392047,0.21786978045049052,,,,,,,,,,,,,,,,,
nugent-hyper_00003,nugent-hyper,7.0,-12.876093148702246,-16.14027918073862,0.0497169374851057,-16.14027918073862,180.80113046839932,-0.048500846687163035,-4.163159548511598,0.5197189417519272,-8.447738058007287,0.20627900424670892,,,,,,,,,,,,,,,,,
nugent-hyper_00003,nugent-hyper,9.0,-16.557227539563538,-19.84202144423962,0.049987016136150204,-19.84202144423962,176.2245350176953,-0.04530797532719588,-3.0587328231314492,0.2200703880127084,-6.547426887770364,0.03744268119891551,,,,,,,,,,,,,,,,,
nugent-hyper_00003,nugent-hyper,11.0,-20.23574491942112,-23.686772913411644,0.05124379163754477,-23.686772913411644,203.10083477493424,-0.047636353608909054,-3.3950947604625905,0.23037012085504638,-6.5770959237454685,0.04158610141264902,,,,,,,,,,,,,,,,,
nugent-hyper_00003,nugent-hyper,13.0,-23.913335187425357,-27.41990278859159,0.05189791092789147,-27.41990278859159,184.5368963743724,-0.06640742524330734,-3.080624477978396,0.1930714638577829,-6.473591343348379,0.02914344579167885,,,,,,,,,,,,,,,,,
nugent-hyper_00005,Bu2019lm,3.0,-5.6461705158751,-10.734224384960061,0.054592287052368516,-10.734224384960061,9.644814555103148,0.1682413084564991,,0.5106006393202811,-11.06002046892854,0.012899692750654782,0.40499439420700045,,,,,,,,,,,,,,41.330023724648974,-2.785239743238238,-0.7178703634778949
nugent-hyper_00005,Bu2019lm,5.0,-10.242281697330215,-17.14496141882682,0.06823058817301127,-17.14496141882682,6.069223918167067,0.5671440808392245,,0.18490437925432607,-9.010673824355013,0.03040697315720914,0.5095762241012217,,,,,,,,,,,,,,49.567600221946456,-2.95790890901724,-0.6784075417907949
nugent-hyper_00005,Bu2019lm,7.0,-16.5552680790253,-26.10068181279201,0.08114880973908688,-26.10068181279201,4.959217475141745,0.6771453068736566,,0.2991623239137006,-9.23488570710746,0.05592091657572114,0.585770295813512,,,,,,,,,,,,,,49.66463795487888,-2.99057471222032,-0.744681559563821
nugent-hyper_00005,Bu2019lm,9.0,-27.17134712322569,-38.56069075807654,0.09133854102285567,-38.56069075807654,3.856164749462173,0.5993161092816703,,0.47577463463529046,-10.12034541503106,0.10488682776061942,0.700906748113414,,,,,,,,,,,,,,49.91126870038757,-2.980312477171897,-0.6348366388182893
nugent-hyper_00005,Bu2019lm,11.0,-43.48971537716279,-56.90651829285372,0.09998946296260629,-56.90651829285372,2.9742729215341437,0.9782112040077537,,0.38327580229002195,-9.55558919398044,0.20382364667749195,0.61821470446633,,,,,,,,,,,,,,49.65165600617916,-2.999839156236014,-0.7092634929409498
nugent-hyper_00005,Bu2019lm,13.0,-69.09288198844997,-85.18379011684877,0.10932392175213203,-85.18379011684877,2.0226577551050484,0.9917479199361354,,0.24152938701319637,-8.85716392754461,0.3114646858550325,0.7289388926985287,,,,,,,,,,,,,,49.151458258276925,-2.960056943171838,-0.6330496144179811
nugent-hyper_00005,TrPi2018,3.0,-5.654204863456956,-11.097976685550007,0.060942794350068136,-11.097976685550007,179.4786315742807,-0.08095546090807969,,0.09487631783442145,-9.03984698420496,0.001648735244734229,0.1699794921114712,-1.0191897559192327,2.17776291956558,-0.2250637667321871,-1.7823454224012696,53.0,0.05,0.1,1.0,0.0,3.09e+19,6.0,0.0,0.0,,,
nugent-hyper_00005,TrPi2018,5.0,-9.900274377437597,-17.570924374272714,0.07201302943221762,-17.570924374272714,163.676875051243,-0.09575998578504358,,0.055996122250999376,-8.869975477033517,0.012614500513675452,0.18646722260174864,-0.9904869291892502,2.3022821180950355,-0.13313726074907617,-1.7399554430170912,53.0,0.05,0.1,1.0,0.0,3.09e+19,6.0,0.0,0.0,,,
nugent-hyper_00005,TrPi2018,7.0,-14.29902691896302,-23.97668140844323,0.0811526580074917,-23.97668140844323,155.17989785325378,-0.08595721440995882,,0.044397847338222635,-9.04935891284227,0.01170626456245439,0.15212753585818684,-2.403649384514741,2.2012920807067844,-0.11436692884520694,-0.9220980586231189,53.0,0.05,0.1,1.0,0.0,3.09e+19,6.0,0.0,0.0,,,
nugent-hyper_00005,TrPi2018,9.0,-19.404918468627244,-30.890679527486565,0.08972381552592151,-30.890679527486565,150.8070468218991,-0.08762792801137903,,0.06794882362996554,-9.051458836645534,0.025627925105293704,0.15895211644573812,-2.3387453101554794,2.2366314304260784,-0.022643328596462453,-1.0106182177558103,53.0,0.05,0.1,1.0,0.0,3.09e+19,6.0,0.0,0.0,,,
nugent-hyper_00005,TrPi2018,11.0,-24.79181531973311,-37.822693641291764,0.09682377847954321,-37.822693641291764,158.88902943118697,-0.08256091744201717,,0.052817206912349805,-9.118712183416584,0.027338704565588,0.1441777585556017,-2.9951334259216327,2.2380471939567737,-0.0045843148826181235,-0.6423045360454926,53.0,0.05,0.1,1.0,0.0,3.09e+19,6.0,0.0,0.0,,,
nugent-hyper_00005,TrPi2018,13.0,-30.257299785403635,-45.31682996524209,0.10397911278165752,-45.31682996524209,151.48854291086764,-0.0903942385383735,,0.013907555309117218,-9.00174339743608,0.03464302928319959,0.1508262026745258,-2.8330684413683374,2.3456641424572093,-0.0273272918576275,-0.690910244127422,53.0,0.05,0.1,1.0,0.0,3.09e+19,6.0,0.0,0.0,,,
nugent-hyper_00005,nugent-hyper,3.0,-5.5192430428946695,-8.287081623895073,0.04543659724203093,-8.287081623895073,197.43088720952954,-0.04304193804805889,-4.311831715877031,0.39067700994963944,-7.209510527994746,0.11812929230107101,,,,,,,,,,,,,,,,,
nugent-hyper_00005,nugent-hyper,5.0,-9.197049583177728,-12.329389430063948,0.048630493394208336,-12.329389430063948,154.83778837116947,-0.053760120195976646,-3.030394184194072,0.18828756420304063,-6.461058711628511,0.025196488119171963,,,,,,,,,,,,,,,,,
nugent-hyper_00005,nugent-hyper,7.0,-12.876165361409488,-16.11105333726215,0.04958652774593327,-16.11105333726215,205.12997312830123,-0.05772670683289349,-3.8557025053480114,0.2369091013515754,-6.5963991945935545,0.043668860322637844,,,,,,,,,,,,,,,,,
nugent-hyper_00005,nugent-hyper,9.0,-16.557062907658448,-19.973482971649716,0.05115901012283235,-19.973482971649716,185.37548633941003,-0.05485785510341212,-3.966551535804732,0.32568093023808836,-6.9037437029652216,0.08410672926038672,,,,,,,,,,,,,,,,,
nugent-hyper_00005,nugent-hyper,11.0,-20.23574327485603,-23.737052181363747,0.051786347779314526,-23.737052181363747,207.23288738936242,-0.055405962855780366,-3.9496042961250026,0.25697929735180536,-6.658086711196903,0.05313409467588379,,,,,,,,,,,,,,,,,
nugent-hyper_00005,nugent-hyper,13.0,-23.911864010979585,-27.510584588549577,0.05272472849559106,-27.510584588549577,198.7898488230852,-0.048389303139468764,-3.1533230507098,0.05312745604437497,-6.159565144718456,0.00228759570250324,,,,,,,,,,,,,,,,,
nugent-hyper_00006,Bu2019lm,3.0,-10.986221696842126,-17.669116528569337,0.0630024185319259,-17.669116528569337,9.619296724956184,-1.8812551197691638,,0.13869629869728667,-8.540682068782766,0.35846766064806174,0.7716621850934102,,,,,,,,,,,,,,49.31364719532321,-2.770628048483387,-1.4264341194232737
nugent-hyper_00006,Bu2019lm,5.0,-19.97053369820038,-30.773612660793404,0.0800104066478456,-30.773612660793404,9.755977089463634,0.9830199963913966,,0.07640455405988317,-8.512663144160701,0.20028716331609464,0.6777948287758377,,,,,,,,,,,,,,47.896835948319435,-2.928090202604496,-1.6845823231888206
nugent-hyper_00006,Bu2019lm,7.0,-26.96556589257639,-41.405271412358225,0.09744317741243437,-41.405271412358225,9.77571643743033,0.731324501722614,,0.3733397037266594,-9.327651537338818,0.16121493143348492,0.7637324315446048,,,,,,,,,,,,,,49.97008980239853,-2.9228096078089467,-1.0836336444934194
nugent-hyper_00006,Bu2019lm,9.0,-32.97493819764566,-47.60234044096308,0.10057938832501725,-47.60234044096308,9.873054332296247,0.6558420523894144,,0.3263554169378592,-9.100362081977757,0.14045648510952038,0.778685834872465,,,,,,,,,,,,,,49.437842689881336,-2.9068836803933324,-0.8178072516121815
nugent-hyper_00006,Bu2019lm,11.0,-44.513133894611144,-59.31776782957724,0.10262756976486262,-59.31776782957724,9.981965055463315,0.7448105962957108,,0.04373384218131805,-8.364085728871437,0.16426948911669417,0.7512650482665643,,,,,,,,,,,,,,49.42075172811498,-2.8894304014225387,-0.6061339600216158
nugent-hyper_00006,Bu2019lm,13.0,-68.77500795742604,-83.99767487701608,0.10290157154317676,-83.99767487701608,7.455046346107951,0.9753796137347877,,0.052631232651592315,-8.355994720246239,0.25584142700538254,0.7752405384465526,,,,,,,,,,,,,,49.7450686707396,-2.913081053463889,-0.619558465243609
nugent-hyper_00006,TrPi2018,3.0,-5.567529252057148,-10.587756460828285,0.05898692177242694,-10.587756460828285,166.68226235488268,-0.09840343057112454,,0.5614812548890774,-12.69271108509516,0.0033350459136519345,0.19293199300666533,-0.620054779664382,2.2963568955475466,-0.33356368663260216,-2.5208846501291284,53.0,0.05,0.1,1.0,0.0,3.09e+19,6.0,0.0,0.0,,,
nugent-hyper_00006,TrPi2018,5.0,-9.509526166741141,-16.145954000864,0.06707423561902598,-16.145954000864,184.49835619868776,-0.09667520706836334,,0.22688852479745258,-9.385956179162743,0.006394984562255344,0.16615847975406556,-1.9674731442622078,2.1587493426212534,-0.5016955885222414,-1.5500235717982656,53.0,0.05,0.1,1.0,0.0,3.09e+19,6.0,0.0,0.0,,,
nugent-hyper_00006,TrPi2018,7.0,-13.532474113191649,-21.802076785282015,0.07525413087329871,-21.802076785282015,180.31253309954838,-0.09960200099820256,,0.08393245672961595,-8.987940324720405,0.008977227205144092,0.17507576937221375,-1.6336103320272208,2.0461263502057787,-0.34230416727429525,-1.5225069201912456,53.0,0.05,0.1,1.0,0.0,3.09e+19,6.0,0.0,0.0,,,
nugent-hyper_00006,TrPi2018,9.0,-17.72667896118879,-27.282519852710564,0.08232425037833437,-27.282519852710564,175.04833152542568,-0.09982336603476874,,0.10190561604064781,-9.149118744161417,0.011079525066552862,0.15453162893110609,-2.930690700441736,2.1167144739117405,-0.39899388012027526,-0.9200793211198572,53.0,0.05,0.1,1.0,0.0,3.09e+19,6.0,0.0,0.0,,,
nugent-hyper_00006,TrPi2018,11.0,-22.0318845965676,-32.6363299326869,0.08738008940220846,-32.6363299326869,160.8057884814164,-0.09219897850357334,,0.1005518632607418,-9.116841487902425,0.012320634159416758,0.15918171556827335,-2.7060754885121527,2.0649447185241634,-0.11727670396140155,-1.1851790915486635,53.0,0.05,0.1,1.0,0.0,3.09e+19,6.0,0.0,0.0,,,
nugent-hyper_00006,TrPi2018,13.0,-26.499387966406413,-38.14134412275636,0.09152059122663975,-38.14134412275636,160.17055634377385,-0.09767518296387903,,0.027832769596520188,-8.926673202992387,0.01642383363492369,0.16688414178304145,-2.471312503830082,2.0615137181735066,-0.29142889875964073,-1.0604255203242667,53.0,0.05,0.1,1.0,0.0,3.09e+19,6.0,0.0,0.0,,,
nugent-hyper_00006,nugent-hyper,3.0,-5.514962631573563,-8.188047477020568,0.04350054592626291,-8.188047477020568,158.52581758077457,-0.026517440183314922,-1.081333111998549,0.48202979254169687,-7.908079373347015,0.14576117683380313,,,,,,,,,,,,,,,,,
nugent-hyper_00006,nugent-hyper,5.0,-9.191316127056524,-12.174026272681822,0.04673946889903514,-12.174026272681822,223.61128513641813,-0.03657123629711323,-1.9250887650546749,0.49246456781100323,-8.030774811755123,0.15951346322126586,,,,,,,,,,,,,,,,,
nugent-hyper_00006,nugent-hyper,7.0,-12.872346087777526,-16.052245019355716,0.0487107315491877,-16.052245019355716,198.4906229807009,-0.03979453503356356,-0.6797456415911522,0.21955713192807985,-6.545971198021327,0.03036307853810172,,,,,,,,,,,,,,,,,
nugent-hyper_00006,nugent-hyper,9.0,-16.552572001935385,-19.853753972915715,0.049866276472834134,-19.853753972915715,160.45974489742517,-0.027603393507208862,-0.23098804764302638,0.2233983993441127,-6.556917514314347,0.03308097167951135,,,,,,,,,,,,,,,,,
nugent-hyper_00006,nugent-hyper,11.0,-20.231204963691766,-23.67518428476169,0.05097501581836844,-23.67518428476169,198.86013677577677,-0.029033335280366113,-0.4527428691693629,0.14883009874931674,-6.363275466359061,0.014695302961593961,,,,,,,,,,,,,,,,,
nugent-hyper_00006,nugent-hyper,13.0,-23.907116463098095,-27.41170983960529,0.051627478441786806,-27.41170983960529,167.28838693079064,-0.03116772062849471,-1.0045034120628396,0.4251549137559348,-7.419895571097061,0.12068402279207746,,,,,,,,,,,,,,,,,
